0.1,
Channel,Type,Title,Mode,Index,CH-Type,Group,
FNC_CHM+APP.LEAK_CHECK.LOG.MESSAGE,EVENT,FNC_CHM+APP.LEAK_CHECK.LOG.MESSAGE,ENABLE,0,S,,
FNC_CHM+APP.LEAK_CHECK.LOG.PRESSURE,EVENT,FNC_CHM+APP.LEAK_CHECK.LOG.PRESSURE,ENABLE,0,S,,
FNC_CHM+APP.LEAK_CHECK.LOG.RATE,EVENT,FNC_CHM+APP.LEAK_CHECK.LOG.RATE,ENABLE,0,S,,
FNC_CHM+APP.LEAK_CHECK.LOG.RESULT,EVENT,FNC_CHM+APP.LEAK_CHECK.LOG.RESULT,ENABLE,0,S,,
FNC_CHM+APP.LEAK_CHECK.LOG.START_PRESSURE,EVENT,FNC_CHM+APP.LEAK_CHECK.LOG.START_PRESSURE,ENABLE,0,S,,
FNC_STEP+RCP.APC.HOLD.DELAY,EVENT,FNC_STEP+RCP.APC.HOLD.DELAY,ENABLE,0,S,,
FNC_STEP+RCP.APC.LEARNED.POS,EVENT,FNC_STEP+RCP.APC.LEARNED.POS,ENABLE,0,S,,
FNC_STEP+RCP.APC.MODE,EVENT,rcp.apc_mode,ENABLE,0,D,,
FNC_STEP+RCP.APC.POSITION,EVENT,rcp.apc_position,ENABLE,0,A,,
FNC_STEP+RCP.APC.PRESSURE.mTORR,EVENT,,ENABLE,0,A,,
FNC_STEP+RCP.APC.TOL.ALARM,EVENT,FNC_STEP+RCP.APC.TOL.ALARM,ENABLE,0,S,,
FNC_STEP+RCP.APC.TOL.WARNING,EVENT,FNC_STEP+RCP.APC.TOL.WARNING,ENABLE,0,S,,
FNC_STEP+RCP.DPC.CENTER.PRESSURE,EVENT,rcp.dpc_pressure,ENABLE,0,S,,
FNC_STEP+RCP.DPC.CENTER.ZONE.FLOW.MAX.THRESHOLD,EVENT,FNC_STEP+RCP.DPC.CENTER.ZONE.FLOW.MAX.THRESHOLD,ENABLE,0,S,,
FNC_STEP+RCP.DPC.CENTER.ZONE.FLOW.MIN.THRESHOLD,EVENT,FNC_STEP+RCP.DPC.CENTER.ZONE.FLOW.MIN.THRESHOLD,ENABLE,0,S,,
FNC_STEP+RCP.EPD.ALGORITHM.ID,EVENT,rcp.epd_algorithm_id,ENABLE,0,S,,
FNC_STEP+RCP.EPD.DELAY_TIME,EVENT,,ENABLE,0,A,,
FNC_STEP+RCP.EPD.EPD_MODE,EVENT,,ENABLE,0,D,,
FNC_STEP+RCP.EPD.MAX_THRESHOLD,EVENT,,ENABLE,0,A,,
FNC_STEP+RCP.EPD.MAX_TIME,EVENT,,ENABLE,0,A,,
FNC_STEP+RCP.EPD.MIN_THRESHOLD,EVENT,,ENABLE,0,A,,
FNC_STEP+RCP.EPD.MIN_TIME,EVENT,,ENABLE,0,A,,
FNC_STEP+RCP.EPD.NORMALIZE_TIME,EVENT,,ENABLE,0,A,,
FNC_STEP+RCP.EPD.PERCENT_TO_CHANGE,EVENT,,ENABLE,0,A,,
FNC_STEP+RCP.EPD.SLOPE_TYPE,EVENT,,ENABLE,0,D,,
FNC_STEP+RCP.EPD.SLOPE_VALID_TIME,EVENT,,ENABLE,0,A,,
FNC_STEP+RCP.EPD.SLOPE_VALUE,EVENT,,ENABLE,0,A,,
FNC_STEP+RCP.EPD.VALUE_TO_CHANGE,EVENT,,ENABLE,0,A,,
FNC_STEP+RCP.ESC.CHUCK1.ALARM,EVENT,FNC_STEP+RCP.ESC.CHUCK1.ALARM,ENABLE,0,S,,
FNC_STEP+RCP.ESC.CHUCK1.OFFSET,EVENT,FNC_STEP+RCP.ESC.CHUCK1.OFFSET,ENABLE,0,S,,
FNC_STEP+RCP.ESC.CHUCK1.TEMP,EVENT,FNC_STEP+RCP.ESC.CHUCK1.TEMP,ENABLE,0,S,,
FNC_STEP+RCP.ESC.CHUCK1.WARNING,EVENT,FNC_STEP+RCP.ESC.CHUCK1.WARNING,ENABLE,0,S,,
FNC_STEP+RCP.ESC.CHUCK2.ALARM,EVENT,FNC_STEP+RCP.ESC.CHUCK2.ALARM,ENABLE,0,S,,
FNC_STEP+RCP.ESC.CHUCK2.OFFSET,EVENT,FNC_STEP+RCP.ESC.CHUCK2.OFFSET,ENABLE,0,S,,
FNC_STEP+RCP.ESC.CHUCK2.TEMP,EVENT,FNC_STEP+RCP.ESC.CHUCK2.TEMP,ENABLE,0,S,,
FNC_STEP+RCP.ESC.CHUCK2.WARNING,EVENT,FNC_STEP+RCP.ESC.CHUCK2.WARNING,ENABLE,0,S,,
FNC_STEP+RCP.ESC.CHUCK3.ALARM,EVENT,FNC_STEP+RCP.ESC.CHUCK3.ALARM,ENABLE,0,S,,
FNC_STEP+RCP.ESC.CHUCK3.OFFSET,EVENT,FNC_STEP+RCP.ESC.CHUCK3.OFFSET,ENABLE,0,S,,
FNC_STEP+RCP.ESC.CHUCK3.TEMP,EVENT,FNC_STEP+RCP.ESC.CHUCK3.TEMP,ENABLE,0,S,,
FNC_STEP+RCP.ESC.CHUCK3.WARNING,EVENT,FNC_STEP+RCP.ESC.CHUCK3.WARNING,ENABLE,0,S,,
FNC_STEP+RCP.ESC.CHUCK4.ALARM,EVENT,FNC_STEP+RCP.ESC.CHUCK4.ALARM,ENABLE,0,S,,
FNC_STEP+RCP.ESC.CHUCK4.OFFSET,EVENT,FNC_STEP+RCP.ESC.CHUCK4.OFFSET,ENABLE,0,S,,
FNC_STEP+RCP.ESC.CHUCK4.TEMP,EVENT,FNC_STEP+RCP.ESC.CHUCK4.TEMP,ENABLE,0,S,,
FNC_STEP+RCP.ESC.CHUCK4.WARNING,EVENT,FNC_STEP+RCP.ESC.CHUCK4.WARNING,ENABLE,0,S,,
FNC_STEP+RCP.ESC.CTRL.MODE,EVENT,rcp.esc_mode,ENABLE,0,D,,
FNC_STEP+RCP.GAS.01.FLOW,EVENT,rcp.mfc01_flow,ENABLE,0,S,,
FNC_STEP+RCP.GAS.01.RAMP.SEC,EVENT,FNC_STEP+RCP.GAS.01.RAMP.SEC,ENABLE,0,S,,
FNC_STEP+RCP.GAS.02.FLOW,EVENT,rcp.mfc02_flow,ENABLE,0,S,,
FNC_STEP+RCP.GAS.02.RAMP.SEC,EVENT,FNC_STEP+RCP.GAS.02.RAMP.SEC,ENABLE,0,S,,
FNC_STEP+RCP.GAS.03.FLOW,EVENT,rcp.mfc03_flow,ENABLE,0,S,,
FNC_STEP+RCP.GAS.03.RAMP.SEC,EVENT,FNC_STEP+RCP.GAS.03.RAMP.SEC,ENABLE,0,S,,
FNC_STEP+RCP.GAS.04.FLOW,EVENT,rcp.mfc04_flow,ENABLE,0,S,,
FNC_STEP+RCP.GAS.04.RAMP.SEC,EVENT,FNC_STEP+RCP.GAS.04.RAMP.SEC,ENABLE,0,S,,
FNC_STEP+RCP.GAS.05.FLOW,EVENT,rcp.mfc05_flow,ENABLE,0,S,,
FNC_STEP+RCP.GAS.05.RAMP.SEC,EVENT,FNC_STEP+RCP.GAS.05.RAMP.SEC,ENABLE,0,S,,
FNC_STEP+RCP.GAS.06.FLOW,EVENT,rcp.mfc06_flow,ENABLE,0,S,,
FNC_STEP+RCP.GAS.06.RAMP.SEC,EVENT,FNC_STEP+RCP.GAS.06.RAMP.SEC,ENABLE,0,S,,
FNC_STEP+RCP.GAS.07.FLOW,EVENT,rcp.mfc07_flow,ENABLE,0,S,,
FNC_STEP+RCP.GAS.07.RAMP.SEC,EVENT,FNC_STEP+RCP.GAS.07.RAMP.SEC,ENABLE,0,S,,
FNC_STEP+RCP.GAS.08.FLOW,EVENT,rcp.mfc08_flow,ENABLE,0,S,,
FNC_STEP+RCP.GAS.08.RAMP.SEC,EVENT,FNC_STEP+RCP.GAS.08.RAMP.SEC,ENABLE,0,S,,
FNC_STEP+RCP.GAS.09.FLOW,EVENT,rcp.mfc09_flow,ENABLE,0,S,,
FNC_STEP+RCP.GAS.09.RAMP.SEC,EVENT,FNC_STEP+RCP.GAS.09.RAMP.SEC,ENABLE,0,S,,
FNC_STEP+RCP.GAS.10.FLOW,EVENT,FNC_STEP+RCP.GAS.10.FLOW,ENABLE,0,S,,
FNC_STEP+RCP.GAS.10.RAMP.SEC,EVENT,FNC_STEP+RCP.GAS.10.RAMP.SEC,ENABLE,0,S,,
FNC_STEP+RCP.GAS.11.FLOW,EVENT,FNC_STEP+RCP.GAS.11.FLOW,ENABLE,0,S,,
FNC_STEP+RCP.GAS.11.RAMP.SEC,EVENT,FNC_STEP+RCP.GAS.11.RAMP.SEC,ENABLE,0,S,,
FNC_STEP+RCP.GAS.12.FLOW,EVENT,FNC_STEP+RCP.GAS.12.FLOW,ENABLE,0,S,,
FNC_STEP+RCP.GAS.12.RAMP.SEC,EVENT,FNC_STEP+RCP.GAS.12.RAMP.SEC,ENABLE,0,S,,
FNC_STEP+RCP.GAS.13.FLOW,EVENT,FNC_STEP+RCP.GAS.13.FLOW,ENABLE,0,S,,
FNC_STEP+RCP.GAS.13.RAMP.SEC,EVENT,FNC_STEP+RCP.GAS.13.RAMP.SEC,ENABLE,0,S,,
FNC_STEP+RCP.GAS.14.FLOW,EVENT,FNC_STEP+RCP.GAS.14.FLOW,ENABLE,0,S,,
FNC_STEP+RCP.GAS.14.RAMP.SEC,EVENT,FNC_STEP+RCP.GAS.14.RAMP.SEC,ENABLE,0,S,,
FNC_STEP+RCP.GAS.15.FLOW,EVENT,FNC_STEP+RCP.GAS.15.FLOW,ENABLE,0,S,,
FNC_STEP+RCP.GAS.15.RAMP.SEC,EVENT,FNC_STEP+RCP.GAS.15.RAMP.SEC,ENABLE,0,S,,
FNC_STEP+RCP.GAS.16.FLOW,EVENT,FNC_STEP+RCP.GAS.16.FLOW,ENABLE,0,S,,
FNC_STEP+RCP.GAS.16.RAMP.SEC,EVENT,FNC_STEP+RCP.GAS.16.RAMP.SEC,ENABLE,0,S,,
FNC_STEP+RCP.GAS.17.FLOW,EVENT,FNC_STEP+RCP.GAS.17.FLOW,ENABLE,0,S,,
FNC_STEP+RCP.GAS.17.RAMP.SEC,EVENT,FNC_STEP+RCP.GAS.17.RAMP.SEC,ENABLE,0,S,,
FNC_STEP+RCP.GAS.18.FLOW,EVENT,FNC_STEP+RCP.GAS.18.FLOW,ENABLE,0,S,,
FNC_STEP+RCP.GAS.18.RAMP.SEC,EVENT,FNC_STEP+RCP.GAS.18.RAMP.SEC,ENABLE,0,S,,
FNC_STEP+RCP.GAS.19.FLOW,EVENT,FNC_STEP+RCP.GAS.19.FLOW,ENABLE,0,S,,
FNC_STEP+RCP.GAS.19.RAMP.SEC,EVENT,FNC_STEP+RCP.GAS.19.RAMP.SEC,ENABLE,0,S,,
FNC_STEP+RCP.GAS.20.FLOW,EVENT,FNC_STEP+RCP.GAS.20.FLOW,ENABLE,0,S,,
FNC_STEP+RCP.GAS.20.RAMP.SEC,EVENT,FNC_STEP+RCP.GAS.20.RAMP.SEC,ENABLE,0,S,,
FNC_STEP+RCP.LIFT_PIN.MODE,EVENT,rcp.lift_pin,ENABLE,0,D,,
FNC_STEP+RCP.MAT.BIAS.CAPACITY,EVENT,FNC_STEP+RCP.MAT.BIAS.CAPACITY,ENABLE,0,S,,
FNC_STEP+RCP.MAT.BIAS.LEARNED.CAPACITY,EVENT,,ENABLE,0,S,,
FNC_STEP+RCP.MAT.BIAS.LEARNED.SERIES,EVENT,,ENABLE,0,S,,
FNC_STEP+RCP.MAT.BIAS.LEARNED.SHUNT,EVENT,,ENABLE,0,S,,
FNC_STEP+RCP.MAT.BIAS.SERIES,EVENT,FNC_STEP+RCP.MAT.BIAS.SERIES,ENABLE,0,S,,
FNC_STEP+RCP.MAT.BIAS.SHUNT,EVENT,FNC_STEP+RCP.MAT.BIAS.SHUNT,ENABLE,0,S,,
FNC_STEP+RCP.MAT.SOURCE.CAPACITY,EVENT,FNC_STEP+RCP.MAT.SOURCE.CAPACITY,ENABLE,0,S,,
FNC_STEP+RCP.MAT.SOURCE.LEARNED.CAPACITY,EVENT,,ENABLE,0,S,,
FNC_STEP+RCP.MAT.SOURCE.LEARNED.SERIES,EVENT,,ENABLE,0,S,,
FNC_STEP+RCP.MAT.SOURCE.LEARNED.SHUNT,EVENT,,ENABLE,0,S,,
FNC_STEP+RCP.MAT.SOURCE.SERIES,EVENT,FNC_STEP+RCP.MAT.SOURCE.SERIES,ENABLE,0,S,,
FNC_STEP+RCP.MAT.SOURCE.SHUNT,EVENT,FNC_STEP+RCP.MAT.SOURCE.SHUNT,ENABLE,0,S,,
FNC_STEP+RCP.RF.BIAS.POWER,EVENT,FNC_STEP+RCP.RF.BIAS.POWER,ENABLE,0,S,,
FNC_STEP+RCP.RF.BIAS.TOL.ALARM,EVENT,FNC_STEP+RCP.RF.BIAS.TOL.ALARM,ENABLE,0,S,,
FNC_STEP+RCP.RF.BIAS.TOL.WARNING,EVENT,FNC_STEP+RCP.RF.BIAS.TOL.WARNING,ENABLE,0,S,,
FNC_STEP+RCP.RF.BIAS.WAIT.TIME,EVENT,FNC_STEP+RCP.RF.BIAS.WAIT.TIME,ENABLE,0,S,,
FNC_STEP+RCP.RF.SOURCE.POWER,EVENT,FNC_STEP+RCP.RF.SOURCE.POWER,ENABLE,0,S,,
FNC_STEP+RCP.RF.SOURCE.TOL.ALARM,EVENT,FNC_STEP+RCP.RF.SOURCE.TOL.ALARM,ENABLE,0,S,,
FNC_STEP+RCP.RF.SOURCE.TOL.WARNING,EVENT,FNC_STEP+RCP.RF.SOURCE.TOL.WARNING,ENABLE,0,S,,
FNC_STEP+RCP.STEP.MESSAGE,EVENT,FNC_STEP+RCP.STEP.MESSAGE,ENABLE,0,S,,
FNC_STEP+RCP.STEP.MODE,EVENT,FNC_STEP+RCP.STEP.MODE,ENABLE,0,D,,
FNC_STEP+RCP.STEP.OVERETCH.PERCENT,EVENT,,ENABLE,0,A,,
FNC_STEP+RCP.STEP.TIME,EVENT,FNC_STEP+RCP.STEP.TIME,ENABLE,0,A,,
FNC_STEP+RCP.WALL.MAIN.ALARM,EVENT,FNC_STEP+RCP.WALL.MAIN.ALARM,ENABLE,0,S,,
FNC_STEP+RCP.WALL.MAIN.OFFSET,EVENT,FNC_STEP+RCP.WALL.MAIN.OFFSET,ENABLE,0,S,,
FNC_STEP+RCP.WALL.MAIN.TEMP,EVENT,FNC_STEP+RCP.WALL.MAIN.TEMP,ENABLE,0,S,,
FNC_STEP+RCP.WALL.MAIN.WARNING,EVENT,FNC_STEP+RCP.WALL.MAIN.WARNING,ENABLE,0,S,,
IO+ai.CHM.Pressure.1000_Torr,INTERVAL,IO+ai.CHM.Pressure.1000_Torr,ENABLE,0,A,,
IO+ai.CHM.Pressure.10_Torr,INTERVAL,IO+ai.CHM.Pressure.10_Torr,ENABLE,0,A,,
IO+ai.ESC.He.Flow,INTERVAL,IO+ai.ESC.He.Flow,ENABLE,0,A,,
IO+ai.ESC.He.Pressure,INTERVAL,IO+ai.ESC.He.Pressure,ENABLE,0,A,,
IO+ai.Gas_Box.Diff_Pressure,INTERVAL,IO+ai.Gas_Box.Diff_Pressure,ENABLE,0,A,,
IO+ai.PT1.Pressure,INTERVAL,IO+ai.PT1.Pressure,ENABLE,0,A,,
IO+ai.Pin_Pos.AMP1,INTERVAL,IO+ai.Pin_Pos.AMP1,ENABLE,0,A,,
IO+ai.Pin_Pos.AMP2,INTERVAL,IO+ai.Pin_Pos.AMP2,ENABLE,0,A,,
IO+ai.Pin_Pos.AMP3,INTERVAL,IO+ai.Pin_Pos.AMP3,ENABLE,0,A,,
IO+ai.Pump.Line.Pressure,INTERVAL,IO+ai.Pump.Line.Pressure,ENABLE,0,A,,
IO+ao.Chuck.Zone_1.Temp.Set,INTERVAL,IO+ao.Chuck.Zone_1.Temp.Set,ENABLE,0,A,,
IO+ao.Chuck.Zone_2.Temp.Set,INTERVAL,IO+ao.Chuck.Zone_2.Temp.Set,ENABLE,0,A,,
IO+ao.Chuck.Zone_3.Temp.Set,INTERVAL,IO+ao.Chuck.Zone_3.Temp.Set,ENABLE,0,A,,
IO+ao.Chuck.Zone_4.Temp.Set,INTERVAL,IO+ao.Chuck.Zone_4.Temp.Set,ENABLE,0,A,,
IO+ao.ESC.He.Pressure,INTERVAL,IO+ao.ESC.He.Pressure,ENABLE,0,A,,
IO+ao.Exh.Baffle.Heater.Temp.Set,INTERVAL,IO+ao.Exh.Baffle.Heater.Temp.Set,ENABLE,0,A,,
IO+ao.Loop8.Target.Temp.Set,INTERVAL,IO+ao.Loop8.Target.Temp.Set,ENABLE,0,A,,
IO+ao.Vac_Line.Heater.Temp.Set,INTERVAL,IO+ao.Vac_Line.Heater.Temp.Set,ENABLE,0,A,,
IO+ao.Wall.Heater.Temp.Set,INTERVAL,IO+ao.Wall.Heater.Temp.Set,ENABLE,0,A,,
IO+di.CHM.ATM.Sts,INTERVAL,IO+di.CHM.ATM.Sts,ENABLE,0,D,,
IO+di.CHM.VAC.Sts,INTERVAL,IO+di.CHM.VAC.Sts,ENABLE,0,D,,
IO+di.DNET.Fan.Alarm,INTERVAL,IO+di.DNET.Fan.Alarm,ENABLE,0,D,,
IO+di.ELT.Cover.Open,INTERVAL,IO+di.ELT.Cover.Open,ENABLE,0,D,,
IO+di.ELT.Fan.Alarm,INTERVAL,IO+di.ELT.Fan.Alarm,ENABLE,0,D,,
IO+di.ESC.He.Pressure.Alarm,INTERVAL,IO+di.ESC.He.Pressure.Alarm,ENABLE,0,D,,
IO+di.ESC.Noise.Filter.Fan.Alarm,INTERVAL,IO+di.ESC.Noise.Filter.Fan.Alarm,ENABLE,0,D,,
IO+di.Fire.Detector.Alarm,INTERVAL,IO+di.Fire.Detector.Alarm,ENABLE,0,D,,
IO+di.Gas1.Leak.Alarm,INTERVAL,IO+di.Gas1.Leak.Alarm,ENABLE,0,D,,
IO+di.Gas1.Leak.Detect,INTERVAL,IO+di.Gas1.Leak.Detect,ENABLE,0,D,,
IO+di.Gas1.Leak.Warning,INTERVAL,IO+di.Gas1.Leak.Warning,ENABLE,0,D,,
IO+di.Gas2.Leak.Alarm,INTERVAL,IO+di.Gas2.Leak.Alarm,ENABLE,0,D,,
IO+di.Gas2.Leak.Detect,INTERVAL,IO+di.Gas2.Leak.Detect,ENABLE,0,D,,
IO+di.Gas2.Leak.Warning,INTERVAL,IO+di.Gas2.Leak.Warning,ENABLE,0,D,,
IO+di.Gas3.Leak.Alarm,INTERVAL,IO+di.Gas3.Leak.Alarm,ENABLE,0,D,,
IO+di.Gas3.Leak.Detect,INTERVAL,IO+di.Gas3.Leak.Detect,ENABLE,0,D,,
IO+di.Gas3.Leak.Warning,INTERVAL,IO+di.Gas3.Leak.Warning,ENABLE,0,D,,
IO+di.Gas_Box.Door.Open,INTERVAL,IO+di.Gas_Box.Door.Open,ENABLE,0,D,,
IO+di.Gas_Box.Exhaust.Alarm,INTERVAL,IO+di.Gas_Box.Exhaust.Alarm,ENABLE,0,D,,
IO+di.HW_Intlk.CHM.ATM,INTERVAL,IO+di.HW_Intlk.CHM.ATM,ENABLE,0,D,,
IO+di.HW_Intlk.CHM.Lid.Opened,INTERVAL,IO+di.HW_Intlk.CHM.Lid.Opened,ENABLE,0,D,,
IO+di.HW_Intlk.CHM.Vac,INTERVAL,IO+di.HW_Intlk.CHM.Vac,ENABLE,0,D,,
IO+di.HW_Intlk.Fast.Vac.Opened,INTERVAL,IO+di.HW_Intlk.Fast.Vac.Opened,ENABLE,0,D,,
IO+di.HW_Intlk.Flame.Detect,INTERVAL,IO+di.HW_Intlk.Flame.Detect,ENABLE,0,D,,
IO+di.HW_Intlk.Gas.Vlv.Opened,INTERVAL,IO+di.HW_Intlk.Gas.Vlv.Opened,ENABLE,0,D,,
IO+di.HW_Intlk.Gas1.Leak,INTERVAL,IO+di.HW_Intlk.Gas1.Leak,ENABLE,0,D,,
IO+di.HW_Intlk.Gas2.Leak,INTERVAL,IO+di.HW_Intlk.Gas2.Leak,ENABLE,0,D,,
IO+di.HW_Intlk.Gas3.Leak,INTERVAL,IO+di.HW_Intlk.Gas3.Leak,ENABLE,0,D,,
IO+di.HW_Intlk.Gas_Box.Door.Opened,INTERVAL,IO+di.HW_Intlk.Gas_Box.Door.Opened,ENABLE,0,D,,
IO+di.HW_Intlk.Gas_Box.Exhaust,INTERVAL,IO+di.HW_Intlk.Gas_Box.Exhaust,ENABLE,0,D,,
IO+di.HW_Intlk.Generator.Enable,INTERVAL,IO+di.HW_Intlk.Generator.Enable,ENABLE,0,D,,
IO+di.HW_Intlk.Inner_Slot.Vlv.Opened,INTERVAL,IO+di.HW_Intlk.Inner_Slot.Vlv.Opened,ENABLE,0,D,,
IO+di.HW_Intlk.Liquid.Leak,INTERVAL,IO+di.HW_Intlk.Liquid.Leak,ENABLE,0,D,,
IO+di.HW_Intlk.Matcher1,INTERVAL,IO+di.HW_Intlk.Matcher1,ENABLE,0,D,,
IO+di.HW_Intlk.Matcher2,INTERVAL,IO+di.HW_Intlk.Matcher2,ENABLE,0,D,,
IO+di.HW_Intlk.Pump.Running,INTERVAL,IO+di.HW_Intlk.Pump.Running,ENABLE,0,D,,
IO+di.HW_Intlk.RF_Gen.Water.Leak,INTERVAL,IO+di.HW_Intlk.RF_Gen.Water.Leak,ENABLE,0,D,,
IO+di.HW_Intlk.Slot.Vlv.Closed,INTERVAL,IO+di.HW_Intlk.Slot.Vlv.Closed,ENABLE,0,D,,
IO+di.HW_Intlk.Slot.Vlv.Opened,INTERVAL,IO+di.HW_Intlk.Slot.Vlv.Opened,ENABLE,0,D,,
IO+di.HW_Intlk.Source.Cover.Opened,INTERVAL,IO+di.HW_Intlk.Source.Cover.Opened,ENABLE,0,D,,
IO+di.HW_Intlk.Source.Water.Leak,INTERVAL,IO+di.HW_Intlk.Source.Water.Leak,ENABLE,0,D,,
IO+di.HW_Intlk.TM.ATM.Sts,INTERVAL,IO+di.HW_Intlk.TM.ATM.Sts,ENABLE,0,D,,
IO+di.HW_Intlk.TM.Robot.PM.Extend,INTERVAL,IO+di.HW_Intlk.TM.Robot.PM.Extend,ENABLE,0,D,,
IO+di.HW_Intlk.TM.VAC.Sts,INTERVAL,IO+di.HW_Intlk.TM.VAC.Sts,ENABLE,0,D,,
IO+di.HW_Intlk.TMP.Water.Leak,INTERVAL,IO+di.HW_Intlk.TMP.Water.Leak,ENABLE,0,D,,
IO+di.Liquid.Leak.Alarm,INTERVAL,IO+di.Liquid.Leak.Alarm,ENABLE,0,D,,
IO+di.PM.Scrubber.Alarm,INTERVAL,IO+di.PM.Scrubber.Alarm,ENABLE,0,D,,
IO+di.PM.Slot.Vlv.Close,INTERVAL,IO+di.PM.Slot.Vlv.Close,ENABLE,0,D,,
IO+di.PM.Slot.Vlv.Open,INTERVAL,IO+di.PM.Slot.Vlv.Open,ENABLE,0,D,,
IO+di.PM.Top_Lid.Close,INTERVAL,IO+di.PM.Top_Lid.Close,ENABLE,0,D,,
IO+di.PM.Top_Lid.Open,INTERVAL,IO+di.PM.Top_Lid.Open,ENABLE,0,D,,
IO+di.Pump.Running,INTERVAL,IO+di.Pump.Running,ENABLE,0,D,,
IO+di.RF_Gen.PCW.Bottom.Alarm,INTERVAL,IO+di.RF_Gen.PCW.Bottom.Alarm,ENABLE,0,D,,
IO+di.RF_Gen.PCW.Top.Alarm,INTERVAL,IO+di.RF_Gen.PCW.Top.Alarm,ENABLE,0,D,,
IO+di.RF_Gen.Rack.Door.Open,INTERVAL,IO+di.RF_Gen.Rack.Door.Open,ENABLE,0,D,,
IO+di.RF_Gen.Water.Leak,INTERVAL,IO+di.RF_Gen.Water.Leak,ENABLE,0,D,,
IO+di.RF_Matcher.Interlock.Bottom,INTERVAL,IO+di.RF_Matcher.Interlock.Bottom,ENABLE,0,D,,
IO+di.RF_Matcher.Interlock.Top,INTERVAL,IO+di.RF_Matcher.Interlock.Top,ENABLE,0,D,,
IO+di.Safety_Intlk.Controller.All,INTERVAL,IO+di.Safety_Intlk.Controller.All,ENABLE,0,D,,
IO+di.Safety_Intlk.Gas.Vlv.Opened,INTERVAL,IO+di.Safety_Intlk.Gas.Vlv.Opened,ENABLE,0,D,,
IO+di.Safety_Intlk.RF_Gen,INTERVAL,IO+di.Safety_Intlk.RF_Gen,ENABLE,0,D,,
IO+di.Safety_Intlk.Slot.Vlv.Opened,INTERVAL,IO+di.Safety_Intlk.Slot.Vlv.Opened,ENABLE,0,D,,
IO+di.Source.Box.Cover.Open,INTERVAL,IO+di.Source.Box.Cover.Open,ENABLE,0,D,,
IO+di.TMP.PCW.Alarm,INTERVAL,IO+di.TMP.PCW.Alarm,ENABLE,0,D,,
IO+di.TMP.Water_Leak.Alarm,INTERVAL,IO+di.TMP.Water_Leak.Alarm,ENABLE,0,D,,
IO+di.Vac.Fast.Vlv.Close,INTERVAL,IO+di.Vac.Fast.Vlv.Close,ENABLE,0,D,,
IO+di.Vac.Fast.Vlv.Open,INTERVAL,IO+di.Vac.Fast.Vlv.Open,ENABLE,0,D,,
IO+do.Bara.Protect.01_Torr.Vlv,INTERVAL,IO+do.Bara.Protect.01_Torr.Vlv,ENABLE,0,D,,
IO+do.Bara.Protect.10_Torr.Vlv,INTERVAL,IO+do.Bara.Protect.10_Torr.Vlv,ENABLE,0,D,,
IO+do.Chuck.Zone_1.Heater.Pwr,INTERVAL,IO+do.Chuck.Zone_1.Heater.Pwr,ENABLE,0,D,,
IO+do.Chuck.Zone_2.Heater.Pwr,INTERVAL,IO+do.Chuck.Zone_2.Heater.Pwr,ENABLE,0,D,,
IO+do.Chuck.Zone_3.Heater.Pwr,INTERVAL,IO+do.Chuck.Zone_3.Heater.Pwr,ENABLE,0,D,,
IO+do.Chuck.Zone_4.Heater.Pwr,INTERVAL,IO+do.Chuck.Zone_4.Heater.Pwr,ENABLE,0,D,,
IO+do.ESC.Pin.Down,INTERVAL,IO+do.ESC.Pin.Down,ENABLE,0,D,,
IO+do.ESC.Pin.Middle,INTERVAL,IO+do.ESC.Pin.Middle,ENABLE,0,D,,
IO+do.ESC.Pin.Up,INTERVAL,IO+do.ESC.Pin.Up,ENABLE,0,D,,
IO+do.Fast.Vac.Vlv,INTERVAL,IO+do.Fast.Vac.Vlv,ENABLE,0,D,,
IO+do.Gas.Final.Vlv,INTERVAL,IO+do.Gas.Final.Vlv,ENABLE,0,D,,
IO+do.He.Dump.3Way.Vlv,INTERVAL,IO+do.He.Dump.3Way.Vlv,ENABLE,0,D,,
IO+do.He.Dump.Ctrl.Vlv,INTERVAL,IO+do.He.Dump.Ctrl.Vlv,ENABLE,0,D,,
IO+do.He.Supply.3Way.Vlv,INTERVAL,IO+do.He.Supply.3Way.Vlv,ENABLE,0,D,,
IO+do.He_Side.Dump.Vlv,INTERVAL,IO+do.He_Side.Dump.Vlv,ENABLE,0,D,,
IO+do.He_Side.Supply.Vlv,INTERVAL,IO+do.He_Side.Supply.Vlv,ENABLE,0,D,,
IO+do.PM.Slot.Vlv.Close,INTERVAL,IO+do.PM.Slot.Vlv.Close,ENABLE,0,D,,
IO+do.PM.Slot.Vlv.Open,INTERVAL,IO+do.PM.Slot.Vlv.Open,ENABLE,0,D,,
IO+do.PV100,INTERVAL,IO+do.PV100,ENABLE,0,D,,
IO+do.PV102,INTERVAL,IO+do.PV102,ENABLE,0,D,,
IO+do.PV103,INTERVAL,IO+do.PV103,ENABLE,0,D,,
IO+do.PV12_1,INTERVAL,IO+do.PV12_1,ENABLE,0,D,,
IO+do.PV12_2,INTERVAL,IO+do.PV12_2,ENABLE,0,D,,
IO+do.PV20,INTERVAL,IO+do.PV20,ENABLE,0,D,,
IO+do.PV22,INTERVAL,IO+do.PV22,ENABLE,0,D,,
IO+do.PV30,INTERVAL,IO+do.PV30,ENABLE,0,D,,
IO+do.PV32,INTERVAL,IO+do.PV32,ENABLE,0,D,,
IO+do.PV40,INTERVAL,IO+do.PV40,ENABLE,0,D,,
IO+do.PV42,INTERVAL,IO+do.PV42,ENABLE,0,D,,
IO+do.PV50,INTERVAL,IO+do.PV50,ENABLE,0,D,,
IO+do.PV52,INTERVAL,IO+do.PV52,ENABLE,0,D,,
IO+do.PV60,INTERVAL,IO+do.PV60,ENABLE,0,D,,
IO+do.PV62,INTERVAL,IO+do.PV62,ENABLE,0,D,,
IO+do.PV70,INTERVAL,IO+do.PV70,ENABLE,0,D,,
IO+do.PV72,INTERVAL,IO+do.PV72,ENABLE,0,D,,
IO+do.PV80,INTERVAL,IO+do.PV80,ENABLE,0,D,,
IO+do.PV82,INTERVAL,IO+do.PV82,ENABLE,0,D,,
IO+do.PV90,INTERVAL,IO+do.PV90,ENABLE,0,D,,
IO+do.PV92,INTERVAL,IO+do.PV92,ENABLE,0,D,,
IO+do.Purge_All_Vlv,INTERVAL,IO+do.Purge_All_Vlv,ENABLE,0,D,,
IO+do.Soft.Vac.Vlv,INTERVAL,IO+do.Soft.Vac.Vlv,ENABLE,0,D,,
IO+do.TMP.N2.Supply.Vlv,INTERVAL,IO+do.TMP.N2.Supply.Vlv,ENABLE,0,D,,
IO+do.TMP.Vac.Vlv,INTERVAL,IO+do.TMP.Vac.Vlv,ENABLE,0,D,,
IO+do.Vac_Line.Heater.Pwr,INTERVAL,IO+do.Vac_Line.Heater.Pwr,ENABLE,0,D,,
IO+do.Wall.Heater.Pwr,INTERVAL,IO+do.Wall.Heater.Pwr,ENABLE,0,D,,
IO+si.APC.Device.Check,INTERVAL,IO+si.APC.Device.Check,ENABLE,0,S,,
IO+si.APC.Position,INTERVAL,IO+si.APC.Position,ENABLE,0,S,,
IO+si.APC.Pressure,INTERVAL,IO+si.APC.Pressure,ENABLE,0,S,,
IO+si.APC.Status,INTERVAL,IO+si.APC.Status,ENABLE,0,S,,
IO+si.APC.Vlv.Close.Check,INTERVAL,IO+si.APC.Vlv.Close.Check,ENABLE,0,S,,
IO+si.APC.Vlv.Open.Check,INTERVAL,IO+si.APC.Vlv.Open.Check,ENABLE,0,S,,
IO+si.Chuck.Zone_1.OverTemp,INTERVAL,IO+si.Chuck.Zone_1.OverTemp,ENABLE,0,S,,
IO+si.Chuck.Zone_1.Temp.Output,INTERVAL,IO+si.Chuck.Zone_1.Temp.Output,ENABLE,0,S,,
IO+si.Chuck.Zone_1.Temp.Read,INTERVAL,IO+si.Chuck.Zone_1.Temp.Read,ENABLE,0,S,,
IO+si.Chuck.Zone_1.Temp.SetPoint,INTERVAL,IO+si.Chuck.Zone_1.Temp.SetPoint,ENABLE,0,S,,
IO+si.Chuck.Zone_2.OverTemp,INTERVAL,IO+si.Chuck.Zone_2.OverTemp,ENABLE,0,S,,
IO+si.Chuck.Zone_2.Temp.Output,INTERVAL,IO+si.Chuck.Zone_2.Temp.Output,ENABLE,0,S,,
IO+si.Chuck.Zone_2.Temp.Read,INTERVAL,IO+si.Chuck.Zone_2.Temp.Read,ENABLE,0,S,,
IO+si.Chuck.Zone_2.Temp.SetPoint,INTERVAL,IO+si.Chuck.Zone_2.Temp.SetPoint,ENABLE,0,S,,
IO+si.Chuck.Zone_3.OverTemp,INTERVAL,IO+si.Chuck.Zone_3.OverTemp,ENABLE,0,S,,
IO+si.Chuck.Zone_3.Temp.Output,INTERVAL,IO+si.Chuck.Zone_3.Temp.Output,ENABLE,0,S,,
IO+si.Chuck.Zone_3.Temp.Read,INTERVAL,IO+si.Chuck.Zone_3.Temp.Read,ENABLE,0,S,,
IO+si.Chuck.Zone_3.Temp.SetPoint,INTERVAL,IO+si.Chuck.Zone_3.Temp.SetPoint,ENABLE,0,S,,
IO+si.Chuck.Zone_4.OverTemp,INTERVAL,IO+si.Chuck.Zone_4.OverTemp,ENABLE,0,S,,
IO+si.Chuck.Zone_4.Temp.Output,INTERVAL,IO+si.Chuck.Zone_4.Temp.Output,ENABLE,0,S,,
IO+si.Chuck.Zone_4.Temp.Read,INTERVAL,IO+si.Chuck.Zone_4.Temp.Read,ENABLE,0,S,,
IO+si.Chuck.Zone_4.Temp.SetPoint,INTERVAL,IO+si.Chuck.Zone_4.Temp.SetPoint,ENABLE,0,S,,
IO+si.Exh.Baffle.LimitTemp,INTERVAL,IO+si.Exh.Baffle.LimitTemp,ENABLE,0,S,,
IO+si.Exh.Baffle.OverTemp,INTERVAL,IO+si.Exh.Baffle.OverTemp,ENABLE,0,S,,
IO+si.Exh.Baffle.Temp.Output,INTERVAL,IO+si.Exh.Baffle.Temp.Output,ENABLE,0,S,,
IO+si.Exh.Baffle.Temp.Read,INTERVAL,IO+si.Exh.Baffle.Temp.Read,ENABLE,0,S,,
IO+si.Exh.Baffle.Temp.SetPoint,INTERVAL,IO+si.Exh.Baffle.Temp.SetPoint,ENABLE,0,S,,
IO+si.Vac.Line.LimitTemp,INTERVAL,IO+si.Vac.Line.LimitTemp,ENABLE,0,S,,
IO+si.Vac.Line.OverTemp,INTERVAL,IO+si.Vac.Line.OverTemp,ENABLE,0,S,,
IO+si.Vac.Line.Temp.Output,INTERVAL,IO+si.Vac.Line.Temp.Output,ENABLE,0,S,,
IO+si.Vac.Line.Temp.Read,INTERVAL,IO+si.Vac.Line.Temp.Read,ENABLE,0,S,,
IO+si.Vac.Line.Temp.SetPoint,INTERVAL,IO+si.Vac.Line.Temp.SetPoint,ENABLE,0,S,,
IO+si.Wall.Heater.OverTemp,INTERVAL,IO+si.Wall.Heater.OverTemp,ENABLE,0,S,,
IO+si.Wall.Heater1.LimitTemp,INTERVAL,IO+si.Wall.Heater1.LimitTemp,ENABLE,0,S,,
IO+si.Wall.Heater1.Temp.Read,INTERVAL,IO+si.Wall.Heater1.Temp.Read,ENABLE,0,S,,
IO+si.Wall.Heater2.LimitTemp,INTERVAL,IO+si.Wall.Heater2.LimitTemp,ENABLE,0,S,,
IO+si.Wall.Heater2.Temp.Read,INTERVAL,IO+si.Wall.Heater2.Temp.Read,ENABLE,0,S,,
IO+si.Wall.Heater3.LimitTemp,INTERVAL,IO+si.Wall.Heater3.LimitTemp,ENABLE,0,S,,
IO+si.Wall.Heater3.Temp.Read,INTERVAL,IO+si.Wall.Heater3.Temp.Read,ENABLE,0,S,,
IO+si.Wall.Heater4.LimitTemp,INTERVAL,IO+si.Wall.Heater4.LimitTemp,ENABLE,0,S,,
IO+si.Wall.Heater4.Temp.Read,INTERVAL,IO+si.Wall.Heater4.Temp.Read,ENABLE,0,S,,
IO+si.Wall.Temp.Output,INTERVAL,IO+si.Wall.Temp.Output,ENABLE,0,S,,
IO+si.Wall.Temp.Read,INTERVAL,IO+si.Wall.Temp.Read,ENABLE,0,S,,
IO+si.Wall.Temp.SetPoint,INTERVAL,IO+si.Wall.Temp.SetPoint,ENABLE,0,S,,
IO+so.APC.Mode.Set,INTERVAL,IO+so.APC.Mode.Set,ENABLE,0,S,,
IO+so.APC.SetPoint.Data,INTERVAL,IO+so.APC.SetPoint.Data,ENABLE,0,S,,
IO+so.APC.SetPoint.Type,INTERVAL,IO+so.APC.SetPoint.Type,ENABLE,0,S,,
PHY_HTR_CHUCK+MON.IO.GET.FORWARD_OP.LOOP.01,INTERVAL,PHY_HTR_CHUCK+MON.IO.GET.FORWARD_OP.LOOP.01,ENABLE,0,S,,
PHY_HTR_CHUCK+MON.IO.GET.FORWARD_OP.LOOP.02,INTERVAL,PHY_HTR_CHUCK+MON.IO.GET.FORWARD_OP.LOOP.02,ENABLE,0,S,,
PHY_HTR_CHUCK+MON.IO.GET.FORWARD_OP.LOOP.03,INTERVAL,PHY_HTR_CHUCK+MON.IO.GET.FORWARD_OP.LOOP.03,ENABLE,0,S,,
PHY_HTR_CHUCK+MON.IO.GET.FORWARD_OP.LOOP.04,INTERVAL,PHY_HTR_CHUCK+MON.IO.GET.FORWARD_OP.LOOP.04,ENABLE,0,S,,
PHY_HTR_CHUCK+MON.IO.GET.OP_HIGH_LIMIT.LOOP.01,INTERVAL,PHY_HTR_CHUCK+MON.IO.GET.OP_HIGH_LIMIT.LOOP.01,ENABLE,0,S,,
PHY_HTR_CHUCK+MON.IO.GET.OP_HIGH_LIMIT.LOOP.02,INTERVAL,PHY_HTR_CHUCK+MON.IO.GET.OP_HIGH_LIMIT.LOOP.02,ENABLE,0,S,,
PHY_HTR_CHUCK+MON.IO.GET.OP_HIGH_LIMIT.LOOP.03,INTERVAL,PHY_HTR_CHUCK+MON.IO.GET.OP_HIGH_LIMIT.LOOP.03,ENABLE,0,S,,
PHY_HTR_CHUCK+MON.IO.GET.OP_HIGH_LIMIT.LOOP.04,INTERVAL,PHY_HTR_CHUCK+MON.IO.GET.OP_HIGH_LIMIT.LOOP.04,ENABLE,0,S,,
PHY_HTR_CHUCK+MON.IO.GET.PV.LOOP.01,INTERVAL,PHY_HTR_CHUCK+MON.IO.GET.PV.LOOP.01,ENABLE,0,S,,
PHY_HTR_CHUCK+MON.IO.GET.PV.LOOP.02,INTERVAL,PHY_HTR_CHUCK+MON.IO.GET.PV.LOOP.02,ENABLE,0,S,,
PHY_HTR_CHUCK+MON.IO.GET.PV.LOOP.03,INTERVAL,PHY_HTR_CHUCK+MON.IO.GET.PV.LOOP.03,ENABLE,0,S,,
PHY_HTR_CHUCK+MON.IO.GET.PV.LOOP.04,INTERVAL,PHY_HTR_CHUCK+MON.IO.GET.PV.LOOP.04,ENABLE,0,S,,
PHY_HTR_CHUCK+MON.IO.GET.PV_OFFSET.LOOP.01,INTERVAL,PHY_HTR_CHUCK+MON.IO.GET.PV_OFFSET.LOOP.01,ENABLE,0,S,,
PHY_HTR_CHUCK+MON.IO.GET.PV_OFFSET.LOOP.02,INTERVAL,PHY_HTR_CHUCK+MON.IO.GET.PV_OFFSET.LOOP.02,ENABLE,0,S,,
PHY_HTR_CHUCK+MON.IO.GET.PV_OFFSET.LOOP.03,INTERVAL,PHY_HTR_CHUCK+MON.IO.GET.PV_OFFSET.LOOP.03,ENABLE,0,S,,
PHY_HTR_CHUCK+MON.IO.GET.PV_OFFSET.LOOP.04,INTERVAL,PHY_HTR_CHUCK+MON.IO.GET.PV_OFFSET.LOOP.04,ENABLE,0,S,,
PHY_HTR_CHUCK+MON.IO.GET.WORKING_OP.LOOP.01,INTERVAL,PHY_HTR_CHUCK+MON.IO.GET.WORKING_OP.LOOP.01,ENABLE,0,S,,
PHY_HTR_CHUCK+MON.IO.GET.WORKING_OP.LOOP.02,INTERVAL,PHY_HTR_CHUCK+MON.IO.GET.WORKING_OP.LOOP.02,ENABLE,0,S,,
PHY_HTR_CHUCK+MON.IO.GET.WORKING_OP.LOOP.03,INTERVAL,PHY_HTR_CHUCK+MON.IO.GET.WORKING_OP.LOOP.03,ENABLE,0,S,,
PHY_HTR_CHUCK+MON.IO.GET.WORKING_OP.LOOP.04,INTERVAL,PHY_HTR_CHUCK+MON.IO.GET.WORKING_OP.LOOP.04,ENABLE,0,S,,
PHY_HTR_CHUCK+MON.IO.GET.WORKING_SP.LOOP.01,INTERVAL,PHY_HTR_CHUCK+MON.IO.GET.WORKING_SP.LOOP.01,ENABLE,0,S,,
PHY_HTR_CHUCK+MON.IO.GET.WORKING_SP.LOOP.02,INTERVAL,PHY_HTR_CHUCK+MON.IO.GET.WORKING_SP.LOOP.02,ENABLE,0,S,,
PHY_HTR_CHUCK+MON.IO.GET.WORKING_SP.LOOP.03,INTERVAL,PHY_HTR_CHUCK+MON.IO.GET.WORKING_SP.LOOP.03,ENABLE,0,S,,
PHY_HTR_CHUCK+MON.IO.GET.WORKING_SP.LOOP.04,INTERVAL,PHY_HTR_CHUCK+MON.IO.GET.WORKING_SP.LOOP.04,ENABLE,0,S,,
PHY_HTR_CHUCK+MON.IO.SET.SP.LOOP.01,INTERVAL,PHY_HTR_CHUCK+MON.IO.SET.SP.LOOP.01,ENABLE,0,A,,
PHY_HTR_CHUCK+MON.IO.SET.SP.LOOP.02,INTERVAL,PHY_HTR_CHUCK+MON.IO.SET.SP.LOOP.02,ENABLE,0,A,,
PHY_HTR_CHUCK+MON.IO.SET.SP.LOOP.03,INTERVAL,PHY_HTR_CHUCK+MON.IO.SET.SP.LOOP.03,ENABLE,0,A,,
PHY_HTR_CHUCK+MON.IO.SET.SP.LOOP.04,INTERVAL,PHY_HTR_CHUCK+MON.IO.SET.SP.LOOP.04,ENABLE,0,A,,
PHY_HTR_EXH+MON.IO.GET.FORWARD_OP.LOOP.01,INTERVAL,PHY_HTR_EXH+MON.IO.GET.FORWARD_OP.LOOP.01,ENABLE,0,S,,
PHY_HTR_EXH+MON.IO.GET.OP_HIGH_LIMIT.LOOP.01,INTERVAL,PHY_HTR_EXH+MON.IO.GET.OP_HIGH_LIMIT.LOOP.01,ENABLE,0,S,,
PHY_HTR_EXH+MON.IO.GET.PV.LOOP.01,INTERVAL,PHY_HTR_EXH+MON.IO.GET.PV.LOOP.01,ENABLE,0,S,,
PHY_HTR_EXH+MON.IO.GET.PV_OFFSET.LOOP.01,INTERVAL,PHY_HTR_EXH+MON.IO.GET.PV_OFFSET.LOOP.01,ENABLE,0,S,,
PHY_HTR_EXH+MON.IO.GET.WORKING_OP.LOOP.01,INTERVAL,PHY_HTR_EXH+MON.IO.GET.WORKING_OP.LOOP.01,ENABLE,0,S,,
PHY_HTR_EXH+MON.IO.GET.WORKING_SP.LOOP.01,INTERVAL,PHY_HTR_EXH+MON.IO.GET.WORKING_SP.LOOP.01,ENABLE,0,S,,
PHY_HTR_EXH+MON.IO.SET.SP.LOOP.01,INTERVAL,PHY_HTR_EXH+MON.IO.SET.SP.LOOP.01,ENABLE,0,A,,
PHY_HTR_VAC+MON.IO.GET.FORWARD_OP.LOOP.01,INTERVAL,PHY_HTR_VAC+MON.IO.GET.FORWARD_OP.LOOP.01,ENABLE,0,S,,
PHY_HTR_VAC+MON.IO.GET.OP_HIGH_LIMIT.LOOP.01,INTERVAL,PHY_HTR_VAC+MON.IO.GET.OP_HIGH_LIMIT.LOOP.01,ENABLE,0,S,,
PHY_HTR_VAC+MON.IO.GET.PV.LOOP.01,INTERVAL,PHY_HTR_VAC+MON.IO.GET.PV.LOOP.01,ENABLE,0,S,,
PHY_HTR_VAC+MON.IO.GET.PV_OFFSET.LOOP.01,INTERVAL,PHY_HTR_VAC+MON.IO.GET.PV_OFFSET.LOOP.01,ENABLE,0,S,,
PHY_HTR_VAC+MON.IO.GET.WORKING_OP.LOOP.01,INTERVAL,PHY_HTR_VAC+MON.IO.GET.WORKING_OP.LOOP.01,ENABLE,0,S,,
PHY_HTR_VAC+MON.IO.GET.WORKING_SP.LOOP.01,INTERVAL,PHY_HTR_VAC+MON.IO.GET.WORKING_SP.LOOP.01,ENABLE,0,S,,
PHY_HTR_VAC+MON.IO.SET.SP.LOOP.01,INTERVAL,PHY_HTR_VAC+MON.IO.SET.SP.LOOP.01,ENABLE,0,A,,
PHY_HTR_WALL+MON.IO.GET.FORWARD_OP.LOOP.01,INTERVAL,PHY_HTR_WALL+MON.IO.GET.FORWARD_OP.LOOP.01,ENABLE,0,S,,
PHY_HTR_WALL+MON.IO.GET.FORWARD_OP.LOOP.02,INTERVAL,PHY_HTR_WALL+MON.IO.GET.FORWARD_OP.LOOP.02,ENABLE,0,S,,
PHY_HTR_WALL+MON.IO.GET.FORWARD_OP.LOOP.03,INTERVAL,PHY_HTR_WALL+MON.IO.GET.FORWARD_OP.LOOP.03,ENABLE,0,S,,
PHY_HTR_WALL+MON.IO.GET.FORWARD_OP.LOOP.04,INTERVAL,PHY_HTR_WALL+MON.IO.GET.FORWARD_OP.LOOP.04,ENABLE,0,S,,
PHY_HTR_WALL+MON.IO.GET.FORWARD_OP.LOOP.05,INTERVAL,PHY_HTR_WALL+MON.IO.GET.FORWARD_OP.LOOP.05,ENABLE,0,S,,
PHY_HTR_WALL+MON.IO.GET.OP_HIGH_LIMIT.LOOP.01,INTERVAL,PHY_HTR_WALL+MON.IO.GET.OP_HIGH_LIMIT.LOOP.01,ENABLE,0,S,,
PHY_HTR_WALL+MON.IO.GET.OP_HIGH_LIMIT.LOOP.02,INTERVAL,PHY_HTR_WALL+MON.IO.GET.OP_HIGH_LIMIT.LOOP.02,ENABLE,0,S,,
PHY_HTR_WALL+MON.IO.GET.OP_HIGH_LIMIT.LOOP.03,INTERVAL,PHY_HTR_WALL+MON.IO.GET.OP_HIGH_LIMIT.LOOP.03,ENABLE,0,S,,
PHY_HTR_WALL+MON.IO.GET.OP_HIGH_LIMIT.LOOP.04,INTERVAL,PHY_HTR_WALL+MON.IO.GET.OP_HIGH_LIMIT.LOOP.04,ENABLE,0,S,,
PHY_HTR_WALL+MON.IO.GET.OP_HIGH_LIMIT.LOOP.05,INTERVAL,PHY_HTR_WALL+MON.IO.GET.OP_HIGH_LIMIT.LOOP.05,ENABLE,0,S,,
PHY_HTR_WALL+MON.IO.GET.PV.LOOP.01,INTERVAL,PHY_HTR_WALL+MON.IO.GET.PV.LOOP.01,ENABLE,0,S,,
PHY_HTR_WALL+MON.IO.GET.PV.LOOP.02,INTERVAL,PHY_HTR_WALL+MON.IO.GET.PV.LOOP.02,ENABLE,0,S,,
PHY_HTR_WALL+MON.IO.GET.PV.LOOP.03,INTERVAL,PHY_HTR_WALL+MON.IO.GET.PV.LOOP.03,ENABLE,0,S,,
PHY_HTR_WALL+MON.IO.GET.PV.LOOP.04,INTERVAL,PHY_HTR_WALL+MON.IO.GET.PV.LOOP.04,ENABLE,0,S,,
PHY_HTR_WALL+MON.IO.GET.PV.LOOP.05,INTERVAL,PHY_HTR_WALL+MON.IO.GET.PV.LOOP.05,ENABLE,0,S,,
PHY_HTR_WALL+MON.IO.GET.PV_OFFSET.LOOP.01,INTERVAL,PHY_HTR_WALL+MON.IO.GET.PV_OFFSET.LOOP.01,ENABLE,0,S,,
PHY_HTR_WALL+MON.IO.GET.PV_OFFSET.LOOP.02,INTERVAL,PHY_HTR_WALL+MON.IO.GET.PV_OFFSET.LOOP.02,ENABLE,0,S,,
PHY_HTR_WALL+MON.IO.GET.PV_OFFSET.LOOP.03,INTERVAL,PHY_HTR_WALL+MON.IO.GET.PV_OFFSET.LOOP.03,ENABLE,0,S,,
PHY_HTR_WALL+MON.IO.GET.PV_OFFSET.LOOP.04,INTERVAL,PHY_HTR_WALL+MON.IO.GET.PV_OFFSET.LOOP.04,ENABLE,0,S,,
PHY_HTR_WALL+MON.IO.GET.PV_OFFSET.LOOP.05,INTERVAL,PHY_HTR_WALL+MON.IO.GET.PV_OFFSET.LOOP.05,ENABLE,0,S,,
PHY_HTR_WALL+MON.IO.GET.WORKING_OP.LOOP.01,INTERVAL,PHY_HTR_WALL+MON.IO.GET.WORKING_OP.LOOP.01,ENABLE,0,S,,
PHY_HTR_WALL+MON.IO.GET.WORKING_OP.LOOP.02,INTERVAL,PHY_HTR_WALL+MON.IO.GET.WORKING_OP.LOOP.02,ENABLE,0,S,,
PHY_HTR_WALL+MON.IO.GET.WORKING_OP.LOOP.03,INTERVAL,PHY_HTR_WALL+MON.IO.GET.WORKING_OP.LOOP.03,ENABLE,0,S,,
PHY_HTR_WALL+MON.IO.GET.WORKING_OP.LOOP.04,INTERVAL,PHY_HTR_WALL+MON.IO.GET.WORKING_OP.LOOP.04,ENABLE,0,S,,
PHY_HTR_WALL+MON.IO.GET.WORKING_OP.LOOP.05,INTERVAL,PHY_HTR_WALL+MON.IO.GET.WORKING_OP.LOOP.05,ENABLE,0,S,,
PHY_HTR_WALL+MON.IO.GET.WORKING_SP.LOOP.01,INTERVAL,PHY_HTR_WALL+MON.IO.GET.WORKING_SP.LOOP.01,ENABLE,0,S,,
PHY_HTR_WALL+MON.IO.GET.WORKING_SP.LOOP.02,INTERVAL,PHY_HTR_WALL+MON.IO.GET.WORKING_SP.LOOP.02,ENABLE,0,S,,
PHY_HTR_WALL+MON.IO.GET.WORKING_SP.LOOP.03,INTERVAL,PHY_HTR_WALL+MON.IO.GET.WORKING_SP.LOOP.03,ENABLE,0,S,,
PHY_HTR_WALL+MON.IO.GET.WORKING_SP.LOOP.04,INTERVAL,PHY_HTR_WALL+MON.IO.GET.WORKING_SP.LOOP.04,ENABLE,0,S,,
PHY_HTR_WALL+MON.IO.GET.WORKING_SP.LOOP.05,INTERVAL,PHY_HTR_WALL+MON.IO.GET.WORKING_SP.LOOP.05,ENABLE,0,S,,
PHY_HTR_WALL+MON.IO.SET.SP.LOOP.01,INTERVAL,PHY_HTR_WALL+MON.IO.SET.SP.LOOP.01,ENABLE,0,A,,
PHY_HTR_WALL+MON.IO.SET.SP.LOOP.02,INTERVAL,PHY_HTR_WALL+MON.IO.SET.SP.LOOP.02,ENABLE,0,A,,
PHY_HTR_WALL+MON.IO.SET.SP.LOOP.03,INTERVAL,PHY_HTR_WALL+MON.IO.SET.SP.LOOP.03,ENABLE,0,A,,
PHY_HTR_WALL+MON.IO.SET.SP.LOOP.04,INTERVAL,PHY_HTR_WALL+MON.IO.SET.SP.LOOP.04,ENABLE,0,A,,
PHY_HTR_WALL+MON.IO.SET.SP.LOOP.05,INTERVAL,PHY_HTR_WALL+MON.IO.SET.SP.LOOP.05,ENABLE,0,A,,
PHY_IO__ESC+ao.ESC.RAMP_TIME.SET,INTERVAL,PHY_IO__ESC+ao.ESC.RAMP_TIME.SET,ENABLE,0,A,,
PHY_IO__RF_BIAS+PARA.SET.POWER,INTERVAL,PHY_IO__RF_BIAS+PARA.SET.POWER,ENABLE,0,A,,
PHY_IO__RF_SRC+PARA.SET.POWER,INTERVAL,PHY_IO__RF_SRC+PARA.SET.POWER,ENABLE,0,A,,
PHY_MFC1+MON.MFC.READ.FLOW,INTERVAL,PHY_MFC1+MON.MFC.READ.FLOW,ENABLE,0,A,,
PHY_MFC1+MON.MFC.SET.FLOW,INTERVAL,PHY_MFC1+MON.MFC.SET.FLOW,ENABLE,0,A,,
PHY_MFC1+PARA.RAMP.SEC,INTERVAL,PHY_MFC1+PARA.RAMP.SEC,ENABLE,0,A,,
PHY_MFC1+PARA.SET.FLOW,INTERVAL,PHY_MFC1+PARA.SET.FLOW,ENABLE,0,A,,
PHY_MFC2+MON.MFC.READ.FLOW,INTERVAL,PHY_MFC2+MON.MFC.READ.FLOW,ENABLE,0,A,,
PHY_MFC2+MON.MFC.SET.FLOW,INTERVAL,PHY_MFC2+MON.MFC.SET.FLOW,ENABLE,0,A,,
PHY_MFC2+PARA.RAMP.SEC,INTERVAL,PHY_MFC2+PARA.RAMP.SEC,ENABLE,0,A,,
PHY_MFC2+PARA.SET.FLOW,INTERVAL,PHY_MFC2+PARA.SET.FLOW,ENABLE,0,A,,
PHY_MFC3+MON.MFC.READ.FLOW,INTERVAL,PHY_MFC3+MON.MFC.READ.FLOW,ENABLE,0,A,,
PHY_MFC3+MON.MFC.SET.FLOW,INTERVAL,PHY_MFC3+MON.MFC.SET.FLOW,ENABLE,0,A,,
PHY_MFC3+PARA.RAMP.SEC,INTERVAL,PHY_MFC3+PARA.RAMP.SEC,ENABLE,0,A,,
PHY_MFC3+PARA.SET.FLOW,INTERVAL,PHY_MFC3+PARA.SET.FLOW,ENABLE,0,A,,
PHY_MFC4+MON.MFC.READ.FLOW,INTERVAL,PHY_MFC4+MON.MFC.READ.FLOW,ENABLE,0,A,,
PHY_MFC4+MON.MFC.SET.FLOW,INTERVAL,PHY_MFC4+MON.MFC.SET.FLOW,ENABLE,0,A,,
PHY_MFC4+PARA.RAMP.SEC,INTERVAL,PHY_MFC4+PARA.RAMP.SEC,ENABLE,0,A,,
PHY_MFC4+PARA.SET.FLOW,INTERVAL,PHY_MFC4+PARA.SET.FLOW,ENABLE,0,A,,
PHY_MFC5+MON.MFC.READ.FLOW,INTERVAL,PHY_MFC5+MON.MFC.READ.FLOW,ENABLE,0,A,,
PHY_MFC5+MON.MFC.SET.FLOW,INTERVAL,PHY_MFC5+MON.MFC.SET.FLOW,ENABLE,0,A,,
PHY_MFC5+PARA.RAMP.SEC,INTERVAL,PHY_MFC5+PARA.RAMP.SEC,ENABLE,0,A,,
PHY_MFC5+PARA.SET.FLOW,INTERVAL,PHY_MFC5+PARA.SET.FLOW,ENABLE,0,A,,
PHY_MFC6+MON.MFC.READ.FLOW,INTERVAL,PHY_MFC6+MON.MFC.READ.FLOW,ENABLE,0,A,,
PHY_MFC6+MON.MFC.SET.FLOW,INTERVAL,PHY_MFC6+MON.MFC.SET.FLOW,ENABLE,0,A,,
PHY_MFC6+PARA.RAMP.SEC,INTERVAL,PHY_MFC6+PARA.RAMP.SEC,ENABLE,0,A,,
PHY_MFC6+PARA.SET.FLOW,INTERVAL,PHY_MFC6+PARA.SET.FLOW,ENABLE,0,A,,
PHY_MFC7+MON.MFC.READ.FLOW,INTERVAL,PHY_MFC7+MON.MFC.READ.FLOW,ENABLE,0,A,,
PHY_MFC7+MON.MFC.SET.FLOW,INTERVAL,PHY_MFC7+MON.MFC.SET.FLOW,ENABLE,0,A,,
PHY_MFC7+PARA.RAMP.SEC,INTERVAL,PHY_MFC7+PARA.RAMP.SEC,ENABLE,0,A,,
PHY_MFC7+PARA.SET.FLOW,INTERVAL,PHY_MFC7+PARA.SET.FLOW,ENABLE,0,A,,
PHY_MFC8+MON.MFC.READ.FLOW,INTERVAL,PHY_MFC8+MON.MFC.READ.FLOW,ENABLE,0,A,,
PHY_MFC8+MON.MFC.SET.FLOW,INTERVAL,PHY_MFC8+MON.MFC.SET.FLOW,ENABLE,0,A,,
PHY_MFC8+PARA.RAMP.SEC,INTERVAL,PHY_MFC8+PARA.RAMP.SEC,ENABLE,0,A,,
PHY_MFC8+PARA.SET.FLOW,INTERVAL,PHY_MFC8+PARA.SET.FLOW,ENABLE,0,A,,
PHY_MFC9+MON.MFC.READ.FLOW,INTERVAL,PHY_MFC9+MON.MFC.READ.FLOW,ENABLE,0,A,,
PHY_MFC9+MON.MFC.SET.FLOW,INTERVAL,PHY_MFC9+MON.MFC.SET.FLOW,ENABLE,0,A,,
PHY_MFC9+PARA.RAMP.SEC,INTERVAL,PHY_MFC9+PARA.RAMP.SEC,ENABLE,0,A,,
PHY_MFC9+PARA.SET.FLOW,INTERVAL,PHY_MFC9+PARA.SET.FLOW,ENABLE,0,A,,
PHY_VAT+MON.PRESSURE.TORR,INTERVAL,PHY_VAT+MON.PRESSURE.TORR,ENABLE,0,S,,
PHY_VAT+MON.PRESSURE.mTORR,INTERVAL,PHY_VAT+MON.PRESSURE.mTORR,ENABLE,0,S,,
