Number,VID,Unit,Format,Comment,


Module Name : CTC,
    1),         1,        __,        AV[1],Date_And_Time,

    2),         2,        __,         A[10],Online_Mode,

    3),         3,        __,         A[10],User_Level,

    4),         4,        __,         A[18],User_ID,

    5),        11,        __,         L[1],List_of_Alarms_Enabled,

    6),        12,        __,         L[1],List_of_Alarms_Posted,

    7),        13,        __,         L[1],List_of_Events_Enabled,

    8),        14,        __,         L[1],List_of_Process_Name_Executed,

    9),        15,        __,         A[10],Previous_Process_State,

   10),        16,        __,         A[10],Process_State,

   11),        21,        __,         U[4],Spool_Count_Actual,

   12),        22,        __,         U[4],Max_Spool_Transmit,

   13),        23,        __,        AV[1],Spool_Full_Time,

   14),        24,        __,        AV[1],Spool_Start_Time,

   15),        31,        __,         I[4],Alarm_ID,

   16),        32,        __,         U[4],Event_Limit,

   17),        33,        __,         U[4],Limit_Variable,

   18),        34,        __,        AV[1],PP_Change_Name,

   19),        35,        __,         U[1],PP_Change_Status,

   20),        41,        __,        AV[1],Engineer_Call_Message,

   21),        42,        __,         U[1],Online_Status_Int_Type,

   22),       100,        __,         U[1],PortID,

   23),       101,        __,         A[20],LoadPort_CSTID,

   24),       102,        __,         A[20],LoadPort_LOTID,

   25),       103,        __,         A[20],LoadPort_PPID,

   26),       104,        __,         U[1],LoadPort_Cassette_Status,

   27),       105,        __,         U[1],LoadPort_Clamp_Status,

   28),       106,        __,         U[1],LoadPort_Foup_Position_Status,

   29),       107,        __,         U[1],LoadPort_Foup_Door_Status,

   30),       108,        __,         U[1],LoadPort_Slot_Assigned,

   31),       109,        __,         U[1],LoadPort_Slot_Processed,

   32),       110,        __,         A[30],LoadPort_Slot_Map_Info,

   33),       111,        __,         U[1],LoadPort_Slot_Mapped,

   34),       112,        __,         L[0],LoadPort_Slot_Info_List,

   35),       113,        __,         A[10],LoadPort_Location_ID,

   36),       114,        __,         A[14],LoadPort_Lot_Start_Time,

   37),       115,        __,         A[14],LoadPort_Lot_End_Time,

   38),       116,        __,         L[0],LoadPort_Slot_Module_History,

   39),       117,        __,         A[10],LoadPort_Status,

   40),       118,        __,         L[0],LoadPort_Cassette_Map_List,

   41),       119,        __,         U[1],LoadPort_Slot_Skipped,

   42),       120,        __,         L[0],LoadPort_Head_Name_List,

   43),       121,        __,         U[1],SlotID,

   44),       122,        __,         A[20],Location_ID,

   45),       123,        __,         A[10],Material_ID,

   46),       124,        __,         A[10],Material_Type,

   47),       125,        __,         A[20],LotID,

   48),       126,        __,         A[12],PPID,

   49),       127,        __,         L[0],Slot_Module_History,

   50),       128,        __,         L[0],Slot_Process_History,

   51),       129,        __,         L[0],Slot_Module_Process_History,

   52),       130,        __,         A[14],Slot_Start_Time,

   53),       131,        __,         A[14],Slot_End_Time,

   54),       132,        __,        AV[1],Slot_Head_Name,

   55),       133,        __,        AV[1],Slot_Head_Name_01_25,

   56),       134,        __,        AV[1],Slot_Head_Name_01_15,

   57),       135,        __,        AV[1],Slot_Head_Name_16_25,

   58),       200,        __,         A[20],E40_PJOBID,

   59),       201,        __,         U[1],E40_PJOB_STATUS,

   60),       202,        __,         A[20],E40_PJOB_RECIPE,

   61),       250,        __,        AV[1],E87_CARRIERID,

   62),       251,        __,         U[1],E87_ACCESS_MODE_STATUS,

   63),       252,        __,         U[1],E87_CARRIERID_STATUS,

   64),       253,        __,         U[1],E87_SLOTMAP_STATUS,

   65),       254,        __,         U[1],E87_CARRIER_ACCESS_STATUS,

   66),       255,        __,         U[1],E87_RESERVATION_STATUS,

   67),       256,        __,         U[1],E87_ASSOCIATION_STATUS,

   68),       257,        __,         U[1],E87_TRANSFER_STATUS,

   69),       258,        __,         U[1],E87_REASON,

   70),       259,        __,         L[1],E87_SLOTMAP_INFO,

   71),       260,        __,         L[1],E87_PORT_STATE_INFO,

   72),       271,        __,         L[1],E87_CARRIER_LOCATION_MATRIX,

   73),       272,        __,         L[1],E87_PORT_ASSOCIATION_STATE,

   74),       273,        __,         L[1],E87_PORT_STATE_INFO_LIST,

   75),       274,        __,         L[1],E87_PORT_TRANSFER_STATE_LIST,

   76),       311,        __,        AV[1],E90_SUBSTRATE_MATERIAL_STATUS,

   77),       312,        __,        AV[1],E90_SUBSTRATE_DESTINATION,

   78),       313,        __,         L[0],E90_SUBSTRATE_HISTORY,

   79),       314,        __,        AV[1],E90_SUBSTRATE_ID,

   80),       315,        __,         L[0],E90_SUBSTRATE_ID_LIST,

   81),       316,        __,        AV[1],E90_SUBSTRATE_LOCID,

   82),       317,        __,         L[0],E90_SUBSTRATE_LOCID_LIST,

   83),       318,        __,         U[1],E90_SUBSTRATE_LOC_STATE,

   84),       319,        __,         L[0],E90_SUBSTRATE_LOC_STATE_LIST,

   85),       320,        __,        AV[1],E90_SUBSTRATE_ID,

   86),       321,        __,         U[1],E90_SUBSTRATE_PROC_STATE,

   87),       322,        __,         L[0],E90_SUBSTRATE_PROC_STS_LIST,

   88),       323,        __,        AV[1],E90_SUBSTRATE_SOURCE,

   89),       324,        __,         U[1],E90_SUBSTRATE_STATE,

   90),       325,        __,         L[0],E90_SUBSTRATE_STATE_LIST,

   91),       326,        __,        AV[1],E90_SUBSTRATE_TYPE,

   92),       327,        __,         U[1],E90_SUBSTRATE_USAGE,

   93),       351,        __,         A[20],E94_CJOBID,

   94),       352,        __,         U[1],E94_CJOB_STATE,

   95),       353,        __,         U[4],E94_CJOB_QUEUE_AVAILABLE_SPACE,

   96),       354,        __,         L[0],E94_QUEUED_CJOBS,

   97),       355,        __,         L[0],E94_WAFERID_LIST,

   98),       500,        __,         U[1],LoadPort_Cassette_Status,

   99),       501,        __,         A[16],LoadPort_LotID,

  100),       502,        __,        AV[16],LoadPort_CarrierID,

  101),       503,        __,         A[12],LoadPort_PPID,

  102),       504,        __,         A[10],LoadPort_Status,

  103),       505,        __,         U[1],LoadPort_Wafer_Number_Assigned,

  104),       506,        __,         U[1],LoadPort_Wafer_Number_Processed,

  105),       507,        __,         A[25],LoadPort_Wafer_Map,

  106),       508,        __,         I[4],LoadPort_Total_Number_Of_Mapping_Wafer,

  107),       509,        __,         U[1],LoadPort_Wafer_Number_Aborted,

  108),       510,        __,         A[14],LoadPort_Lot_Start_Time,

  109),       511,        __,         A[14],LoadPort_Lot_End_Time,

  110),       512,        __,         A[14],LoadPort_Wafer_Start_Time,

  111),       513,        __,         A[14],LoadPort_Wafer_End_Time,

  112),       514,        __,         U[1],LoadPort_Slot_Max,

  113),       515,        __,         L[0],LoadPort_Wafer_Visit_History,

  114),       516,        __,         U[1],LoadPort_PortID,

  115),       518,        __,         L[0],LoadPort_SlotInfoList,

  116),       519,        __,      BOOL[1],LoadPort_BypassReadID,

  117),       520,        __,        AV[4],LoadPort_LocationID,

  118),       530,        __,         U[1],LoadPort_ClampStatus,

  119),       531,        __,         U[1],LoadPort_Foup_Status,

  120),       532,        __,         U[1],LoadPort_Foup_Door_Status,

  121),       540,        __,         U[1],LoadPort_Access_Mode,

  122),       541,        __,         U[1],LoadPort_CarrierIDStatus,

  123),       542,        __,         U[1],LoadPort_SlotMspStatus,

  124),       543,        __,         U[1],LoadPort_CarrierAccessStatus,

  125),       544,        __,         U[1],LoadPort_ReservationStatus,

  126),       545,        __,         U[1],LoadPort_AssociationStatus,

  127),       546,        __,         U[1],LoadPort_TransferStatus,

  128),       547,        __,         L[1],LoadPort_StateInfo,

  129),       551,        __,        AV[1],LoadPort_LocID_Placement,

  130),       552,        __,        AV[1],LoadPort_LocID_Docked,

  131),       561,        __,         L[0],LoadPort_CassetteMap_List,

  132),       571,        __,        AV[1],LoadPort_PJobID,

  133),       600,        __,         U[1],LoadPort_Cassette_Status,

  134),       601,        __,         A[16],LoadPort_LotID,

  135),       602,        __,        AV[16],LoadPort_CarrierID,

  136),       603,        __,         A[12],LoadPort_PPID,

  137),       604,        __,         A[10],LoadPort_Status,

  138),       605,        __,         U[1],LoadPort_Wafer_Number_Assigned,

  139),       606,        __,         U[1],LoadPort_Wafer_Number_Processed,

  140),       607,        __,         A[25],LoadPort_Wafer_Map,

  141),       608,        __,         I[4],LoadPort_Total_Number_Of_Mapping_Wafer,

  142),       609,        __,         U[1],LoadPort_Wafer_Number_Aborted,

  143),       610,        __,         A[14],LoadPort_Lot_Start_Time,

  144),       611,        __,         A[14],LoadPort_Lot_End_Time,

  145),       612,        __,         A[14],LoadPort_Wafer_Start_Time,

  146),       613,        __,         A[14],LoadPort_Wafer_End_Time,

  147),       614,        __,         U[1],LoadPort_Slot_Max,

  148),       615,        __,         L[0],LoadPort_Wafer_Visit_History,

  149),       616,        __,         U[1],LoadPort_PortID,

  150),       618,        __,         L[0],LoadPort_SlotInfoList,

  151),       619,        __,      BOOL[1],LoadPort_BypassReadID,

  152),       620,        __,        AV[4],LoadPort_LocationID,

  153),       630,        __,         U[1],LoadPort_ClampStatus,

  154),       631,        __,         U[1],LoadPort_Foup_Status,

  155),       632,        __,         U[1],LoadPort_Foup_Door_Status,

  156),       640,        __,         U[1],LoadPort_Access_Mode,

  157),       641,        __,         U[1],LoadPort_CarrierIDStatus,

  158),       642,        __,         U[1],LoadPort_SlotMspStatus,

  159),       643,        __,         U[1],LoadPort_CarrierAccessStatus,

  160),       644,        __,         U[1],LoadPort_ReservationStatus,

  161),       645,        __,         U[1],LoadPort_AssociationStatus,

  162),       646,        __,         U[1],LoadPort_TransferStatus,

  163),       647,        __,         L[1],LoadPort_StateInfo,

  164),       651,        __,        AV[1],LoadPort_LocID_Placement,

  165),       652,        __,        AV[1],LoadPort_LocID_Docked,

  166),       661,        __,         L[0],LoadPort_CassetteMap_List,

  167),       671,        __,        AV[1],LoadPort_PJobID,

  168),       700,        __,         U[1],LoadPort_Cassette_Status,

  169),       701,        __,         A[16],LoadPort_LotID,

  170),       702,        __,        AV[16],LoadPort_CarrierID,

  171),       703,        __,         A[12],LoadPort_PPID,

  172),       704,        __,         A[10],LoadPort_Status,

  173),       705,        __,         U[1],LoadPort_Wafer_Number_Assigned,

  174),       706,        __,         U[1],LoadPort_Wafer_Number_Processed,

  175),       707,        __,         A[25],LoadPort_Wafer_Map,

  176),       708,        __,         I[4],LoadPort_Total_Number_Of_Mapping_Wafer,

  177),       709,        __,         U[1],LoadPort_Wafer_Number_Aborted,

  178),       710,        __,         A[14],LoadPort_Lot_Start_Time,

  179),       711,        __,         A[14],LoadPort_Lot_End_Time,

  180),       712,        __,         A[14],LoadPort_Wafer_Start_Time,

  181),       713,        __,         A[14],LoadPort_Wafer_End_Time,

  182),       714,        __,         U[1],LoadPort_Slot_Max,

  183),       715,        __,         L[0],LoadPort_Wafer_Visit_History,

  184),       716,        __,         U[1],LoadPort_PortID,

  185),       718,        __,         L[0],LoadPort_SlotInfoList,

  186),       719,        __,      BOOL[1],LoadPort_BypassReadID,

  187),       720,        __,        AV[4],LoadPort_LocationID,

  188),       730,        __,         U[1],LoadPort_ClampStatus,

  189),       731,        __,         U[1],LoadPort_Foup_Status,

  190),       732,        __,         U[1],LoadPort_Foup_Door_Status,

  191),       740,        __,         U[1],LoadPort_Access_Mode,

  192),       741,        __,         U[1],LoadPort_CarrierIDStatus,

  193),       742,        __,         U[1],LoadPort_SlotMspStatus,

  194),       743,        __,         U[1],LoadPort_CarrierAccessStatus,

  195),       744,        __,         U[1],LoadPort_ReservationStatus,

  196),       745,        __,         U[1],LoadPort_AssociationStatus,

  197),       746,        __,         U[1],LoadPort_TransferStatus,

  198),       747,        __,         L[1],LoadPort_StateInfo,

  199),       751,        __,        AV[1],LoadPort_LocID_Placement,

  200),       752,        __,        AV[1],LoadPort_LocID_Docked,

  201),       761,        __,         L[0],LoadPort_CassetteMap_List,

  202),       771,        __,        AV[1],LoadPort_PJobID,


Module Name : PM1,
  203),     11001,        __,         A[20],Stage1.Z_KEY_LOTID,

  204),     11002,        __,         A[20],Stage1.Z_KEY_RECIPE_NAME,

  205),     11003,        __,         A[10],Stage1.Z_KEY_STATUS,

  206),     11004,        __,         A[20],Stage1.Z_KEY_STEP_NAME,

  207),     11005,        __,         A[10],Stage1.Z_KEY_WFR_NO,

  208),     11011,        __,         A[10],Stage1.LOTID,

  209),     11012,        __,         A[20],Stage1.Last_Recipe_Name,

  210),     11013,        __,         A[20],Stage1.MATERIALID,

  211),     11014,        __,         A[10],Stage1.STEPID,

  212),     11015,        __,         A[10],Stage1.LPx_PortID,

  213),     11016,        __,         A[10],Stage1.LPx_SlotID,

  214),     11017,        __,         A[10],Stage1.Process_Time,

  215),     11018,        __,         A[20],Stage1.LPx_CID,

  216),     11019,        __,         A[20],Stage1.Last_Recipe_Name,

  217),     11020,        __,         A[10],Stage1.Chamber_ID,

  218),     11022,        __,         A[20],Stage1.CJobID,

  219),     11023,        __,         A[20],Stage1.PJobID,

  220),     11024,        __,         A[10],Stage1.Total_Process_Time,

  221),     11025,        __,         A[10],Stage1.Current_Process_Time,

  222),     11026,        __,         A[10],Stage1.Total_Step_Count,

  223),     11027,        __,         A[10],Stage1.Current_Step_Count,

  224),     11028,        __,         A[10],Stage1.Total_Step_Time,

  225),     11029,        __,         A[10],Stage1.Current_Step_Time,

  226),     11030,        __,         A[20],Stage1.Step_Message,

  227),     10140,       RPM,         A[10],P1.Rotate_Velocity_(RPM),

  228),     10142,        __,         A[10],P1.Rotate_Acceleration,

  229),     10143,        __,         A[10],P1.Axis_Status,

  230),     10144,        __,         A[10],P1.Axis_State,

  231),     10145,        __,         A[10],P1.Axis_Source,

  232),     10146,        __,         A[10],P1.Slurry_A_Flow,

  233),     10147,        __,         A[10],P1.Slurry_B_Flow,

  234),     10148,        __,         A[10],P1.Platen_Tem,

  235),     10149,        __,         A[10],P1.High_Pressure_Rinse_Flow,

  236),     12101,        __,         A[10],C1.Conditioner_Position,

  237),     12102,        __,         A[10],C1.Clean_cup_spray_status_(On_/_Off),

  238),     12103,        __,         A[10],C1.Sweep_Position,

  239),     12104,        __,         A[10],C1.Sweep_Velocity_(in/sec),

  240),     12105,        __,         A[10],C1.Sweep_Acceleration_(in/sec^2),

  241),     12106,        __,         A[10],C1.Sweep_Jerk_(in/sec^3),

  242),     12107,        __,         A[10],C1.Disk_Rotate_Velocity_(RPM),

  243),     12108,        __,         A[10],C1.Disk_Rotate_Acceleration,

  244),     12109,        __,         A[10],C1.Sweep_Axis_Status,

  245),     12110,        __,         A[10],C1.Sweep_Axis_State,

  246),     12111,        __,         A[10],C1.Sweep_Axis_Source,

  247),     12112,        __,         A[10],C1.Disk_Axis_Status,

  248),     12113,        __,         A[10],C1.Disk_Axis_State,

  249),     12114,        __,         A[10],C1.Disk_Axis_Source,

  250),     12115,        __,         A[10],C1.Down_force,

  251),     12116,        __,         A[10],C1.Pressure,

  252),     12001,        __,         A[20],Stage2.Z_KEY_LOTID,

  253),     12002,        __,         A[20],Stage2.Z_KEY_RECIPE_NAME,

  254),     12003,        __,         A[10],Stage2.Z_KEY_STATUS,

  255),     12004,        __,         A[20],Stage2.Z_KEY_STEP_NAME,

  256),     12005,        __,         A[10],Stage2.Z_KEY_WFR_NO,

  257),     12011,        __,         A[10],Stage2.LOTID,

  258),     12012,        __,         A[20],Stage2.Last_Recipe_Name,

  259),     12013,        __,         A[20],Stage2.MATERIALID,

  260),     12014,        __,         A[10],Stage2.STEPID,

  261),     12015,        __,         A[10],Stage2.LPx_PortID,

  262),     12016,        __,         A[10],Stage2.LPx_SlotID,

  263),     12017,        __,         A[10],Stage2.Process_Time,

  264),     12018,        __,         A[20],Stage2.LPx_CID,

  265),     12019,        __,         A[20],Stage2.Last_Recipe_Name,

  266),     12020,        __,         A[10],Stage2.Chamber_ID,

  267),     12022,        __,         A[20],Stage2.CJobID,

  268),     12023,        __,         A[20],Stage2.PJobID,

  269),     12024,        __,         A[10],Stage2.Total_Process_Time,

  270),     12025,        __,         A[10],Stage2.Current_Process_Time,

  271),     12026,        __,         A[10],Stage2.Total_Step_Count,

  272),     12027,        __,         A[10],Stage2.Current_Step_Count,

  273),     12028,        __,         A[10],Stage2.Total_Step_Time,

  274),     12029,        __,         A[10],Stage2.Current_Step_Time,

  275),     12030,        __,         A[20],Stage2.Step_Message,

  276),     10240,       RPM,         A[10],P2.Rotate_Velocity_(RPM),

  277),     10242,        __,         A[10],P2.Rotate_Acceleration,

  278),     10243,        __,         A[10],P2.Axis_Status,

  279),     10244,        __,         A[10],P2.Axis_State,

  280),     10245,        __,         A[10],P2.Axis_Source,

  281),     10246,        __,         A[10],P2.Slurry_A_Flow,

  282),     10247,        __,         A[10],P2.Slurry_B_Flow,

  283),     10248,        __,         A[10],P2.Platen_Tem,

  284),     10249,        __,         A[10],P2.High_Pressure_Rinse_Flow,

  285),     12201,        __,         A[10],C2.Conditioner_Position,

  286),     12202,        __,         A[10],C2.Clean_cup_spray_status_(On_/_Off),

  287),     12203,        __,         A[10],C2.Sweep_Position,

  288),     12204,        __,         A[10],C2.Sweep_Velocity_(in/sec),

  289),     12205,        __,         A[10],C2.Sweep_Acceleration_(in/sec^2),

  290),     12206,        __,         A[10],C2.Sweep_Jerk_(in/sec^3),

  291),     12207,        __,         A[10],C2.Disk_Rotate_Velocity_(RPM),

  292),     12208,        __,         A[10],C2.Disk_Rotate_Acceleration,

  293),     12209,        __,         A[10],C2.Sweep_Axis_Status,

  294),     12210,        __,         A[10],C2.Sweep_Axis_State,

  295),     12211,        __,         A[10],C2.Sweep_Axis_Source,

  296),     12212,        __,         A[10],C2.Disk_Axis_Status,

  297),     12213,        __,         A[10],C2.Disk_Axis_State,

  298),     12214,        __,         A[10],C2.Disk_Axis_Source,

  299),     12215,        __,         A[10],C2.Down_force,

  300),     12216,        __,         A[10],C2.Pressure,

  301),     13001,        __,         A[20],Stage3.Z_KEY_LOTID,

  302),     13002,        __,         A[20],Stage3.Z_KEY_RECIPE_NAME,

  303),     13003,        __,         A[10],Stage3.Z_KEY_STATUS,

  304),     13004,        __,         A[20],Stage3.Z_KEY_STEP_NAME,

  305),     13005,        __,         A[10],Stage3.Z_KEY_WFR_NO,

  306),     13011,        __,         A[10],Stage3.LOTID,

  307),     13012,        __,         A[20],Stage3.Last_Recipe_Name,

  308),     13013,        __,         A[20],Stage3.MATERIALID,

  309),     13014,        __,         A[10],Stage3.STEPID,

  310),     13015,        __,         A[10],Stage3.LPx_PortID,

  311),     13016,        __,         A[10],Stage3.LPx_SlotID,

  312),     13017,        __,         A[10],Stage3.Process_Time,

  313),     13018,        __,         A[20],Stage3.LPx_CID,

  314),     13019,        __,         A[20],Stage3.Last_Recipe_Name,

  315),     13020,        __,         A[10],Stage3.Chamber_ID,

  316),     13022,        __,         A[20],Stage3.CJobID,

  317),     13023,        __,         A[20],Stage3.PJobID,

  318),     13024,        __,         A[10],Stage3.Total_Process_Time,

  319),     13025,        __,         A[10],Stage3.Current_Process_Time,

  320),     13026,        __,         A[10],Stage3.Total_Step_Count,

  321),     13027,        __,         A[10],Stage3.Current_Step_Count,

  322),     13028,        __,         A[10],Stage3.Total_Step_Time,

  323),     13029,        __,         A[10],Stage3.Current_Step_Time,

  324),     13030,        __,         A[20],Stage3.Step_Message,

  325),     10340,       RPM,         A[10],P3.Rotate_Velocity_(RPM),

  326),     10342,        __,         A[10],P3.Rotate_Acceleration,

  327),     10343,        __,         A[10],P3.Axis_Status,

  328),     10344,        __,         A[10],P3.Axis_State,

  329),     10345,        __,         A[10],P3.Axis_Source,

  330),     10346,        __,         A[10],P3.Slurry_A_Flow,

  331),     10347,        __,         A[10],P3.Slurry_B_Flow,

  332),     10348,        __,         A[10],P3.Platen_Tem,

  333),     10349,        __,         A[10],P3.High_Pressure_Rinse_Flow,

  334),     12301,        __,         A[10],C3.Conditioner_Position,

  335),     12302,        __,         A[10],C3.Clean_cup_spray_status_(On_/_Off),

  336),     12303,        __,         A[10],C3.Sweep_Position,

  337),     12304,        __,         A[10],C3.Sweep_Velocity_(in/sec),

  338),     12305,        __,         A[10],C3.Sweep_Acceleration_(in/sec^2),

  339),     12306,        __,         A[10],C3.Sweep_Jerk_(in/sec^3),

  340),     12307,        __,         A[10],C3.Disk_Rotate_Velocity_(RPM),

  341),     12308,        __,         A[10],C3.Disk_Rotate_Acceleration,

  342),     12309,        __,         A[10],C3.Sweep_Axis_Status,

  343),     12310,        __,         A[10],C3.Sweep_Axis_State,

  344),     12311,        __,         A[10],C3.Sweep_Axis_Source,

  345),     12312,        __,         A[10],C3.Disk_Axis_Status,

  346),     12313,        __,         A[10],C3.Disk_Axis_State,

  347),     12314,        __,         A[10],C3.Disk_Axis_Source,

  348),     12315,        __,         A[10],C3.Down_force,

  349),     12316,        __,         A[10],C3.Pressure,

  350),     11101,        __,         A[10],H1.Head_Position,

  351),     11102,        __,         A[10],H1.Head_Z_Position,

  352),     11115,        __,         A[10],H1.RetRing_Pressure,

  353),     11116,        __,         A[10],H1.RetRing_Command,

  354),     11117,        __,         A[10],H1.Zone_1_Pressure,

  355),     11118,        __,         A[10],H1.Zone_1_Command,

  356),     11119,        __,         A[10],H1.Zone_2_Pressure,

  357),     11120,        __,         A[10],H1.Zone_2_Command,

  358),     11121,        __,         A[10],H1.Zone_3_Pressure,

  359),     11122,        __,         A[10],H1.Zone_3_Command,

  360),     11123,        __,         A[10],H1.Zone_4_Pressure,

  361),     11124,        __,         A[10],H1.Zone_4_Command,

  362),     11125,        __,         A[10],H1.Zone_5_Pressure,

  363),     11126,        __,         A[10],H1.Zone_5_Command,

  364),     11127,        __,         A[10],H1.Sweep_Position,

  365),     11128,        __,         A[10],H1.Sweep_Velocity_(in/sec),

  366),     11129,        __,         A[10],H1.Sweep_Acceleration_(in/sec^2),

  367),     11130,        __,         A[10],H1.Sweep_Jerk_(in/sec^3),

  368),     11131,        __,         A[10],H1.Rotate_Velocity_(RPM),

  369),     11132,        __,         A[10],H1.Rotate_Acceleration,

  370),     11133,        __,         A[10],H1.Sweep_Axis_Status,

  371),     11134,        __,         A[10],H1.Sweep_Axis_State,

  372),     11135,        __,         A[10],H1.Sweep_Axis_Source,

  373),     11136,        __,         A[10],H1.Rotate_Axis_Status,

  374),     11137,        __,         A[10],H1.Rotate_Axis_State,

  375),     11201,        __,         A[10],H2.Head_Position,

  376),     11202,        __,         A[10],H2.Head_Z_Position,

  377),     11215,        __,         A[10],H2.RetRing_Pressure,

  378),     11216,        __,         A[10],H2.RetRing_Command,

  379),     11217,        __,         A[10],H2.Zone_1_Pressure,

  380),     11218,        __,         A[10],H2.Zone_1_Command,

  381),     11219,        __,         A[10],H2.Zone_2_Pressure,

  382),     11220,        __,         A[10],H2.Zone_2_Command,

  383),     11221,        __,         A[10],H2.Zone_3_Pressure,

  384),     11222,        __,         A[10],H2.Zone_3_Command,

  385),     11223,        __,         A[10],H2.Zone_4_Pressure,

  386),     11224,        __,         A[10],H2.Zone_4_Command,

  387),     11225,        __,         A[10],H2.Zone_5_Pressure,

  388),     11226,        __,         A[10],H2.Zone_5_Command,

  389),     11227,        __,         A[10],H2.Sweep_Position,

  390),     11228,        __,         A[10],H2.Sweep_Velocity_(in/sec),

  391),     11229,        __,         A[10],H2.Sweep_Acceleration_(in/sec^2),

  392),     11230,        __,         A[10],H2.Sweep_Jerk_(in/sec^3),

  393),     11231,        __,         A[10],H2.Rotate_Velocity_(RPM),

  394),     11232,        __,         A[10],H2.Rotate_Acceleration,

  395),     11233,        __,         A[10],H2.Sweep_Axis_Status,

  396),     11234,        __,         A[10],H2.Sweep_Axis_State,

  397),     11235,        __,         A[10],H2.Sweep_Axis_Source,

  398),     11236,        __,         A[10],H2.Rotate_Axis_Status,

  399),     11237,        __,         A[10],H2.Rotate_Axis_State,

  400),     11301,        __,         A[10],H3.Head_Position,

  401),     11302,        __,         A[10],H3.Head_Z_Position,

  402),     11315,        __,         A[10],H3.RetRing_Pressure,

  403),     11316,        __,         A[10],H3.RetRing_Command,

  404),     11317,        __,         A[10],H3.Zone_1_Pressure,

  405),     11318,        __,         A[10],H3.Zone_1_Command,

  406),     11319,        __,         A[10],H3.Zone_2_Pressure,

  407),     11320,        __,         A[10],H3.Zone_2_Command,

  408),     11321,        __,         A[10],H3.Zone_3_Pressure,

  409),     11322,        __,         A[10],H3.Zone_3_Command,

  410),     11323,        __,         A[10],H3.Zone_4_Pressure,

  411),     11324,        __,         A[10],H3.Zone_4_Command,

  412),     11325,        __,         A[10],H3.Zone_5_Pressure,

  413),     11326,        __,         A[10],H3.Zone_5_Command,

  414),     11327,        __,         A[10],H3.Sweep_Position,

  415),     11328,        __,         A[10],H3.Sweep_Velocity_(in/sec),

  416),     11329,        __,         A[10],H3.Sweep_Acceleration_(in/sec^2),

  417),     11330,        __,         A[10],H3.Sweep_Jerk_(in/sec^3),

  418),     11331,        __,         A[10],H3.Rotate_Velocity_(RPM),

  419),     11332,        __,         A[10],H3.Rotate_Acceleration,

  420),     11333,        __,         A[10],H3.Sweep_Axis_Status,

  421),     11334,        __,         A[10],H3.Sweep_Axis_State,

  422),     11335,        __,         A[10],H3.Sweep_Axis_Source,

  423),     11336,        __,         A[10],H3.Rotate_Axis_Status,

  424),     11337,        __,         A[10],H3.Rotate_Axis_State,

  425),     11401,        __,         A[10],H4.Head_Position,

  426),     11402,        __,         A[10],H4.Head_Z_Position,

  427),     11415,        __,         A[10],H4.RetRing_Pressure,

  428),     11416,        __,         A[10],H4.RetRing_Command,

  429),     11417,        __,         A[10],H4.Zone_1_Pressure,

  430),     11418,        __,         A[10],H4.Zone_1_Command,

  431),     11419,        __,         A[10],H4.Zone_2_Pressure,

  432),     11420,        __,         A[10],H4.Zone_2_Command,

  433),     11421,        __,         A[10],H4.Zone_3_Pressure,

  434),     11422,        __,         A[10],H4.Zone_3_Command,

  435),     11423,        __,         A[10],H4.Zone_4_Pressure,

  436),     11424,        __,         A[10],H4.Zone_4_Command,

  437),     11425,        __,         A[10],H4.Zone_5_Pressure,

  438),     11426,        __,         A[10],H4.Zone_5_Command,

  439),     11427,        __,         A[10],H4.Sweep_Position,

  440),     11428,        __,         A[10],H4.Sweep_Velocity_(in/sec),

  441),     11429,        __,         A[10],H4.Sweep_Acceleration_(in/sec^2),

  442),     11430,        __,         A[10],H4.Sweep_Jerk_(in/sec^3),

  443),     11431,        __,         A[10],H4.Rotate_Velocity_(RPM),

  444),     11432,        __,         A[10],H4.Rotate_Acceleration,

  445),     11433,        __,         A[10],H4.Sweep_Axis_Status,

  446),     11434,        __,         A[10],H4.Sweep_Axis_State,

  447),     11435,        __,         A[10],H4.Sweep_Axis_Source,

  448),     11436,        __,         A[10],H4.Rotate_Axis_Status,

  449),     11437,        __,         A[10],H4.Rotate_Axis_State,

  450),     18001,        __,         A[10],Exchanger_Position,

  451),     18002,        __,         A[10],Exchanger_Z-Position,

  452),     18003,        __,         A[10],Clutch_Status,

  453),     18004,        __,         A[10],Grip_A_Status,

  454),     18005,        __,         A[10],Grip_B_Status,

  455),     18006,        __,         A[10],Grip_A_Wafer_Status,

  456),     18007,        __,         A[10],Grip_B_Wafer_Status,

  457),     18008,        __,         A[10],Input_Station_Wafer_Status,

  458),     18009,        __,         A[10],Output_Station_wafer_Status,

  459),     18010,        __,         A[10],Velocity_(in/sec),

  460),     18011,        __,         A[10],Acceleration_(in/sec^2),

  461),     18012,        __,         A[10],Axis_Status,

  462),     18013,        __,         A[10],Axis_State,

  463),     18014,        __,         A[10],Axis_Source,

  464),     18015,        __,         A[10],Exchanger_Drive_Contactor,

  465),     18016,        __,         A[10],Exchanger_Position_High,

  466),     18017,        __,         A[10],Exchanger_Position_Mid,

  467),     18018,        __,         A[10],Exchanger_Position_Low,

  468),     18019,        __,         A[10],Exchanger_GripperA_Single_Position_InSensor,

  469),     18020,        __,         A[10],Exchanger_GripperA_Single_Position_OutSensor,

  470),     18021,        __,         A[10],Exchanger_GripperA_Double_Position_NoWaferSensor,

  471),     18022,        __,         A[10],Exchanger_GripperA_Double_Position_WaferSensor,

  472),     18023,        __,         A[10],Exchanger_GripperA_Double_Position_OutSensor,

  473),     18024,        __,         A[10],Exchanger_GripperB_Single_Position_InSensor,

  474),     18025,        __,         A[10],Exchanger_GripperB_Single_Position_OutSensor,

  475),     18026,        __,         A[10],Exchanger_GripperB_Double_Position_NoWaferSensor,

  476),     18027,        __,         A[10],Exchanger_GripperB_Double_Position_WaferSensor,

  477),     18028,        __,         A[10],Exchanger_GripperB_Double_Position_OutSensor,

  478),     18029,        __,         A[10],Exchanger_Clutch_Sensor,

  479),     18030,        __,         A[10],Exchanger_CW_Limit_Sensor,

  480),     18031,        __,         A[10],Exchanger_CCW_Limit_Sensor,

  481),     14001,        __,         A[10],Velocity_(in/sec),

  482),     14002,        __,         A[10],Acceleration_(in/sec^2),

  483),     14003,        __,         A[10],Axis_Status,

  484),     14004,        __,         A[10],Axis_State,

  485),     14005,        __,         A[10],Axis_Source,

  486),     14006,        __,         A[10],Current_Degree,

  487),     14007,        __,         A[10],Cross_Pos_CW_Limit_Sensor,

  488),     14008,        __,         A[10],Cross_Neg_Limit_Sensor,

  489),     14009,        __,         A[10],Cross_Home_Sensor,

  490),     14010,        __,         A[10],Cross_Brake_Engaged_Sensor,

  491),     14011,        __,         A[10],Cross_Brake_Released_Sensor,

  492),     14012,        __,         A[10],Cross_Rotation_Drive_Contactor,

  493),     15001,        __,         A[10],Cone_Position,

  494),     15002,        __,         A[10],Pedestal_Position,

  495),     15003,        __,         A[10],Wafer_Status,

  496),     16001,        __,         A[10],Wafer_Status,

  497),     16002,        __,         A[10],Wafer_ID,

  498),     10135,        __,         A[10],P1_Platen_SlurryArm_Interlock_Sensor,

  499),     10235,        __,         A[10],P2_Platen_SlurryArm_Interlock_Sensor,

  500),     10335,        __,         A[10],P3_Platen_SlurryArm_Interlock_Sensor,

  501),     10136,        __,         A[10],P1_Platen_Rinse_Flow_Sensor,

  502),     10236,        __,         A[10],P2_Platen_Rinse_Flow_Sensor,

  503),     10336,        __,         A[10],P3_Platen_Rinse_Flow_Sensor,

  504),     10137,        __,         A[10],P1_PadCond_Drive_Contactor,

  505),     10237,        __,         A[10],P2_PadCond_Drive_Contactor,

  506),     10337,        __,         A[10],P3_PadCond_Drive_Contactor,

  507),     11103,        __,         A[10],H1_R-Ring_Read_Pressure,

  508),     11104,        __,         A[10],H1_R-Ring_Read_Command,

  509),     11105,        __,         A[10],H1_Zone_1_Read_Pressure,

  510),     11106,        __,         A[10],H1_Zone_1_Read_Command,

  511),     11107,        __,         A[10],H1_Zone_2_Read_Pressure,

  512),     11108,        __,         A[10],H1_Zone_2_Read_Command,

  513),     11109,        __,         A[10],H1_Zone_3_Read_Pressure,

  514),     11110,        __,         A[10],H1_Zone_3_Read_Command,

  515),     11111,        __,         A[10],H1_Zone_4_Read_Pressure,

  516),     11112,        __,         A[10],H1_Zone_4_Read_Command,

  517),     11113,        __,         A[10],H1_Zone_5_Read_Pressure,

  518),     11114,        __,         A[10],H1_Zone_5_Read_Command,

  519),     11203,        __,         A[10],H2_R-Ring_Read_Pressure,

  520),     11204,        __,         A[10],H2_R-Ring_Read_Command,

  521),     11205,        __,         A[10],H2_Zone_1_Read_Pressure,

  522),     11206,        __,         A[10],H2_Zone_1_Read_Command,

  523),     11207,        __,         A[10],H2_Zone_2_Read_Pressure,

  524),     11208,        __,         A[10],H2_Zone_2_Read_Command,

  525),     11209,        __,         A[10],H2_Zone_3_Read_Pressure,

  526),     11210,        __,         A[10],H2_Zone_3_Read_Command,

  527),     11211,        __,         A[10],H2_Zone_4_Read_Pressure,

  528),     11212,        __,         A[10],H2_Zone_4_Read_Command,

  529),     11213,        __,         A[10],H2_Zone_5_Read_Pressure,

  530),     11214,        __,         A[10],H2_Zone_5_Read_Command,

  531),     11303,        __,         A[10],H3_R-Ring_Read_Pressure,

  532),     11304,        __,         A[10],H3_R-Ring_Read_Command,

  533),     11305,        __,         A[10],H3_Zone_1_Read_Pressure,

  534),     11306,        __,         A[10],H3_Zone_1_Read_Command,

  535),     11307,        __,         A[10],H3_Zone_2_Read_Pressure,

  536),     11308,        __,         A[10],H3_Zone_2_Read_Command,

  537),     11309,        __,         A[10],H3_Zone_3_Read_Pressure,

  538),     11310,        __,         A[10],H3_Zone_3_Read_Command,

  539),     11311,        __,         A[10],H3_Zone_4_Read_Pressure,

  540),     11312,        __,         A[10],H3_Zone_4_Read_Command,

  541),     11313,        __,         A[10],H3_Zone_5_Read_Pressure,

  542),     11314,        __,         A[10],H3_Zone_5_Read_Command,

  543),     11403,        __,         A[10],H4_R-Ring_Read_Pressure,

  544),     11404,        __,         A[10],H4_R-Ring_Read_Command,

  545),     11405,        __,         A[10],H4_Zone_1_Read_Pressure,

  546),     11406,        __,         A[10],H4_Zone_1_Read_Command,

  547),     11407,        __,         A[10],H4_Zone_2_Read_Pressure,

  548),     11408,        __,         A[10],H4_Zone_2_Read_Command,

  549),     11409,        __,         A[10],H4_Zone_3_Read_Pressure,

  550),     11410,        __,         A[10],H4_Zone_3_Read_Command,

  551),     11411,        __,         A[10],H4_Zone_4_Read_Pressure,

  552),     11412,        __,         A[10],H4_Zone_4_Read_Command,

  553),     11413,        __,         A[10],H4_Zone_5_Read_Pressure,

  554),     11414,        __,         A[10],H4_Zone_5_Read_Command,

  555),     12117,        __,         A[10],C1_PadCond_Drive_Contactor,

  556),     12217,        __,         A[10],C2_PadCond_Drive_Contactor,

  557),     12317,        __,         A[10],C3_PadCond_Drive_Contactor,

  558),     12118,        __,         A[10],C1_PadCond_Sweep_Drive_Contactor,

  559),     12218,        __,         A[10],C2_PadCond_Sweep_Drive_Contactor,

  560),     12318,        __,         A[10],C3_PadCond_Sweep_Drive_Contactor,

  561),     12120,        __,         A[10],C1_PadCond_Sweep_Home_Sensor,

  562),     12220,        __,         A[10],C2_PadCond_Sweep_Home_Sensor,

  563),     12320,        __,         A[10],C3_PadCond_Sweep_Home_Sensor,

  564),     17001,        __,         A[10],MainDrip_Tray_LeakDetect_Low,

  565),     17002,        __,         A[10],MainDrip_Tray_LeakDetect_High,

  566),     17003,        __,         A[10],Exhaust_Slurry_Interlock,

  567),     17004,        __,         A[10],Upper_Exhaust_Vent_Block_Detector,

  568),     17005,        __,         A[10],Low_Exhaust_Vent_Block_Detector,

  569),     17006,        __,         A[10],Slurry_Module_Leak,

  570),     17007,        __,         A[10],Polisher_Door_Status,

  571),     17008,        __,         A[10],WetRobot_Door_Status,

  572),     17009,        __,         A[10],Polisher_Interlock_Reset,

  573),     17010,        __,         A[10],WetRobot_Interlock_Reset,

  574),     17011,        __,         A[10],ServiceMode_Switch,

  575),     17012,        __,         A[10],Output_Station_Rinse_Flow_Sensor,

  576),     17013,        __,         A[10],Wafer_Chuck_Spray_Flow_Sensor,

  577),     17014,        __,         A[10],Output_Station_Wafer_Status,


Module Name : PM2,
  578),     21001,        __,         A[20],Stage1.Z_KEY_LOTID,

  579),     21002,        __,         A[20],Stage1.Z_KEY_RECIPE_NAME,

  580),     21003,        __,         A[10],Stage1.Z_KEY_STATUS,

  581),     21004,        __,         A[20],Stage1.Z_KEY_STEP_NAME,

  582),     21005,        __,         A[10],Stage1.Z_KEY_WFR_NO,

  583),     21011,        __,         A[10],Stage1.LOTID,

  584),     21012,        __,         A[20],Stage1.Last_Recipe_Name,

  585),     21013,        __,         A[20],Stage1.MATERIALID,

  586),     21014,        __,         A[10],Stage1.STEPID,

  587),     21015,        __,         A[10],Stage1.LPx_PortID,

  588),     21016,        __,         A[10],Stage1.LPx_SlotID,

  589),     21017,        __,         A[10],Stage1.Process_Time,

  590),     21018,        __,         A[20],Stage1.LPx_CID,

  591),     21019,        __,         A[20],Stage1.Last_Recipe_Name,

  592),     21020,        __,         A[10],Stage1.Chamber_ID,

  593),     21022,        __,         A[20],Stage1.CJobID,

  594),     21023,        __,         A[20],Stage1.PJobID,

  595),     21024,        __,         A[10],Stage1.Total_Process_Time,

  596),     21025,        __,         A[10],Stage1.Current_Process_Time,

  597),     21026,        __,         A[10],Stage1.Total_Step_Count,

  598),     21027,        __,         A[10],Stage1.Current_Step_Count,

  599),     21028,        __,         A[10],Stage1.Total_Step_Time,

  600),     21029,        __,         A[10],Stage1.Current_Step_Time,

  601),     21030,        __,         A[20],Stage1.Step_Message,

  602),     21031,     state,         A[10],Stage1.Chamber_State,

  603),     21032,     state,         A[10],Stage1.3Way_Valve_State,

  604),     21033,     state,         A[10],Stage1.Wafer_Exist_State,

  605),     21034,     state,         A[10],Stage1.Clamp_State,

  606),     21035,     state,         A[10],Stage1.Shutter_State,

  607),     21036,     state,         A[10],Stage1.Wafer_RPM,

  608),     21037,     state,         A[10],Stage1.Front_Brush_Home_State,

  609),     21038,     state,         A[10],Stage1.BAck_Brush_Home_State,

  610),     21039,     state,         A[10],Stage1.Oscill_Brush_Home_State,

  611),     21040,     state,         A[10],Stage1.Updown_Nozzle_Home_State,

  612),     21041,     state,         A[10],Stage1.Swing_Nozzle_Home_State,

  613),     21042,     state,         A[10],Stage1.Front_Brush_Pos_Limit_State,

  614),     21043,     state,         A[10],Stage1.BAck_Brush_Pos_Limit_State,

  615),     21044,     state,         A[10],Stage1.Oscill_Brush_Pos_Limit_State,

  616),     21045,     state,         A[10],Stage1.Updown_Nozzle_Pos_Limit_State,

  617),     21046,     state,         A[10],Stage1.Swing_Nozzle_Pos_Limit_State,

  618),     21047,     state,         A[10],Stage1.Front_Brush_Neg_Limit_State,

  619),     21048,     state,         A[10],Stage1.BAck_Brush_Neg_Limit_State,

  620),     21049,     state,         A[10],Stage1.Oscill_Brush_Neg_Limit_State,

  621),     21050,     state,         A[10],Stage1.Updown_Nozzle_Neg_Limit_State,

  622),     21051,     state,         A[10],Stage1.Swing_Nozzle_Neg_Limit_State,

  623),     21052,    ml/min,         A[10],Stage1.LFC1_SET_FLOW,

  624),     21053,    ml/min,         A[10],Stage1.LFC1_GET_FLOW,

  625),     21054,     state,         A[10],Stage1.LFC1_VALVE_STATE,

  626),     21055,    ml/min,         A[10],Stage1.LFC2_SET_FLOW,

  627),     21056,    ml/min,         A[10],Stage1.LFC2_GET_FLOW,

  628),     21057,     state,         A[10],Stage1.LFC2_VALVE_STATE,

  629),     21058,    ml/min,         A[10],Stage1.LFC3_SET_FLOW,

  630),     21059,    ml/min,         A[10],Stage1.LFC3_GET_FLOW,

  631),     21060,     state,         A[10],Stage1.LFC3_VALVE_STATE,

  632),     21061,    ml/min,         A[10],Stage1.LFC4_SET_FLOW,

  633),     21062,    ml/min,         A[10],Stage1.LFC4_GET_FLOW,

  634),     21063,     state,         A[10],Stage1.LFC4_VALVE_STATE,

  635),     21064,    ml/min,         A[10],Stage1.LFC5_SET_FLOW,

  636),     21065,    ml/min,         A[10],Stage1.LFC5_GET_FLOW,

  637),     21066,     state,         A[10],Stage1.LFC5_VALVE_STATE,

  638),     21067,    ml/min,         A[10],Stage1.LFC6_SET_FLOW,

  639),     21068,    ml/min,         A[10],Stage1.LFC6_GET_FLOW,

  640),     21069,     state,         A[10],Stage1.LFC6_VALVE_STATE,

  641),     21070,    ml/min,         A[10],Stage1.LFC7_SET_FLOW,

  642),     21071,    ml/min,         A[10],Stage1.LFC7_GET_FLOW,

  643),     21072,     state,         A[10],Stage1.LFC7_VALVE_STATE,

  644),     21073,    ml/min,         A[10],Stage1.LFC8_SET_FLOW,

  645),     21074,    ml/min,         A[10],Stage1.LFC8_GET_FLOW,

  646),     21075,     state,         A[10],Stage1.LFC8_VALVE_STATE,

  647),     21076,    ml/min,         A[10],Stage1.LFC9_SET_FLOW,

  648),     21077,    ml/min,         A[10],Stage1.LFC9_GET_FLOW,

  649),     21078,     state,         A[10],Stage1.LFC9_VALVE_STATE,

  650),     21079,    ml/min,         A[10],Stage1.LFC10_SET_FLOW,

  651),     21080,    ml/min,         A[10],Stage1.LFC10_GET_FLOW,

  652),     21081,     state,         A[10],Stage1.LFC10_VALVE_STATE,

  653),     21082,    ml/min,         A[10],Stage1.LFC11_SET_FLOW,

  654),     21083,    ml/min,         A[10],Stage1.LFC11_GET_FLOW,

  655),     21084,     state,         A[10],Stage1.LFC11_VALVE_STATE,

  656),     21085,    ml/min,         A[10],Stage1.LFC12_SET_FLOW,

  657),     21086,    ml/min,         A[10],Stage1.LFC12_GET_FLOW,

  658),     21087,     state,         A[10],Stage1.LFC12_VALVE_STATE,

  659),     21088,       lpm,         A[10],Stage1.MFC_N2_SET_FLOW,

  660),     21089,       lpm,         A[10],Stage1.MFC_N2_GET_FLOW,

  661),     21090,     state,         A[10],Stage1.MFC_N2_VALVE_STATE,

  662),     21091,     state,         A[10],Stage1.Front_Brush_Servo_State,

  663),     21092,     state,         A[10],Stage1.BAck_Brush_Servo_State,

  664),     21093,     state,         A[10],Stage1.Oscill_Brush_Servo_State,

  665),     21094,     state,         A[10],Stage1.Front_Brush_Idle_State,

  666),     21095,     state,         A[10],Stage1.BAck_Brush_Idle_State,

  667),     21096,     state,         A[10],Stage1.Oscill_Brush_Idle_State,

  668),     21097,     state,         A[10],Stage1.Updown_Nozzle_Idle_State,

  669),     21098,     state,         A[10],Stage1.Swing_Nozzle_Idle_State,

  670),     21099,       rpm,         A[10],Stage1.Roller_L1_Set_RPM,

  671),     21100,       rpm,         A[10],Stage1.Roller_L2_Set_RPM,

  672),     21101,       rpm,         A[10],Stage1.Roller_R1_Set_RPM,

  673),     21102,       rpm,         A[10],Stage1.Roller_L1_Get_RPM,

  674),     21103,       rpm,         A[10],Stage1.Roller_L2_Get_RPM,

  675),     21104,       rpm,         A[10],Stage1.Roller_R1_Get_RPM,

  676),     21105,       rpm,         A[10],Stage1.Upper_Brush_Set_RPM,

  677),     21106,       rpm,         A[10],Stage1.Lower_Brush_Set_RPM,

  678),     21107,       rpm,         A[10],Stage1.Upper_Brush_Get_RPM,

  679),     21108,       rpm,         A[10],Stage1.Lower_Brush_Get_RPM,

  680),     21109,         %,         A[10],Stage1.Upper_Brush_Torque,

  681),     21110,         %,         A[10],Stage1.Lower_Brush_Torque,

  682),     21114,        mm,         A[10],Stage1.Upper_Brush_Position,

  683),     21115,        mm,         A[10],Stage1.Lower_Brush_Position,

  684),     21116,        mm,         A[10],Stage1.Nozzle_Height,

  685),     21117,        mm,         A[10],Stage1.Nozzle_Degree,

  686),     22001,        __,         A[20],Stage2.Z_KEY_LOTID,

  687),     22002,        __,         A[20],Stage2.Z_KEY_RECIPE_NAME,

  688),     22003,        __,         A[10],Stage2.Z_KEY_STATUS,

  689),     22004,        __,         A[20],Stage2.Z_KEY_STEP_NAME,

  690),     22005,        __,         A[10],Stage2.Z_KEY_WFR_NO,

  691),     22011,        __,         A[10],Stage2.LOTID,

  692),     22012,        __,         A[20],Stage2.Last_Recipe_Name,

  693),     22013,        __,         A[20],Stage2.MATERIALID,

  694),     22014,        __,         A[10],Stage2.STEPID,

  695),     22015,        __,         A[10],Stage2.LPx_PortID,

  696),     22016,        __,         A[10],Stage2.LPx_SlotID,

  697),     22017,        __,         A[10],Stage2.Process_Time,

  698),     22018,        __,         A[20],Stage2.LPx_CID,

  699),     22019,        __,         A[20],Stage2.Last_Recipe_Name,

  700),     22020,        __,         A[10],Stage2.Chamber_ID,

  701),     22022,        __,         A[20],Stage2.CJobID,

  702),     22023,        __,         A[20],Stage2.PJobID,

  703),     22024,        __,         A[10],Stage2.Total_Process_Time,

  704),     22025,        __,         A[10],Stage2.Current_Process_Time,

  705),     22026,        __,         A[10],Stage2.Total_Step_Count,

  706),     22027,        __,         A[10],Stage2.Current_Step_Count,

  707),     22028,        __,         A[10],Stage2.Total_Step_Time,

  708),     22029,        __,         A[10],Stage2.Current_Step_Time,

  709),     22030,        __,         A[20],Stage2.Step_Message,

  710),     22031,     state,         A[10],Stage2.Chamber_State,

  711),     22032,     state,         A[10],Stage2.3Way_Valve_State,

  712),     22033,     state,         A[10],Stage2.Wafer_Exist_State,

  713),     22034,     state,         A[10],Stage2.Clamp_State,

  714),     22035,     state,         A[10],Stage2.Shutter_State,

  715),     22036,     state,         A[10],Stage2.Wafer_RPM,

  716),     22037,     state,         A[10],Stage2.Front_Brush_Home_State,

  717),     22038,     state,         A[10],Stage2.BAck_Brush_Home_State,

  718),     22039,     state,         A[10],Stage2.Oscill_Brush_Home_State,

  719),     22040,     state,         A[10],Stage2.Updown_Nozzle_Home_State,

  720),     22041,     state,         A[10],Stage2.Swing_Nozzle_Home_State,

  721),     22042,     state,         A[10],Stage2.Front_Brush_Pos_Limit_State,

  722),     22043,     state,         A[10],Stage2.BAck_Brush_Pos_Limit_State,

  723),     22044,     state,         A[10],Stage2.Oscill_Brush_Pos_Limit_State,

  724),     22045,     state,         A[10],Stage2.Updown_Nozzle_Pos_Limit_State,

  725),     22046,     state,         A[10],Stage2.Swing_Nozzle_Pos_Limit_State,

  726),     22047,     state,         A[10],Stage2.Front_Brush_Neg_Limit_State,

  727),     22048,     state,         A[10],Stage2.BAck_Brush_Neg_Limit_State,

  728),     22049,     state,         A[10],Stage2.Oscill_Brush_Neg_Limit_State,

  729),     22050,     state,         A[10],Stage2.Updown_Nozzle_Neg_Limit_State,

  730),     22051,     state,         A[10],Stage2.Swing_Nozzle_Neg_Limit_State,

  731),     22052,    ml/min,         A[10],Stage2.LFC1_SET_FLOW,

  732),     22053,    ml/min,         A[10],Stage2.LFC1_GET_FLOW,

  733),     22054,     state,         A[10],Stage2.LFC1_VALVE_STATE,

  734),     22055,    ml/min,         A[10],Stage2.LFC2_SET_FLOW,

  735),     22056,    ml/min,         A[10],Stage2.LFC2_GET_FLOW,

  736),     22057,     state,         A[10],Stage2.LFC2_VALVE_STATE,

  737),     22058,    ml/min,         A[10],Stage2.LFC3_SET_FLOW,

  738),     22059,    ml/min,         A[10],Stage2.LFC3_GET_FLOW,

  739),     22060,     state,         A[10],Stage2.LFC3_VALVE_STATE,

  740),     22061,    ml/min,         A[10],Stage2.LFC4_SET_FLOW,

  741),     22062,    ml/min,         A[10],Stage2.LFC4_GET_FLOW,

  742),     22063,     state,         A[10],Stage2.LFC4_VALVE_STATE,

  743),     22064,    ml/min,         A[10],Stage2.LFC5_SET_FLOW,

  744),     22065,    ml/min,         A[10],Stage2.LFC5_GET_FLOW,

  745),     22066,     state,         A[10],Stage2.LFC5_VALVE_STATE,

  746),     22067,    ml/min,         A[10],Stage2.LFC6_SET_FLOW,

  747),     22068,    ml/min,         A[10],Stage2.LFC6_GET_FLOW,

  748),     22069,     state,         A[10],Stage2.LFC6_VALVE_STATE,

  749),     22070,    ml/min,         A[10],Stage2.LFC7_SET_FLOW,

  750),     22071,    ml/min,         A[10],Stage2.LFC7_GET_FLOW,

  751),     22072,     state,         A[10],Stage2.LFC7_VALVE_STATE,

  752),     22073,    ml/min,         A[10],Stage2.LFC8_SET_FLOW,

  753),     22074,    ml/min,         A[10],Stage2.LFC8_GET_FLOW,

  754),     22075,     state,         A[10],Stage2.LFC8_VALVE_STATE,

  755),     22076,    ml/min,         A[10],Stage2.LFC9_SET_FLOW,

  756),     22077,    ml/min,         A[10],Stage2.LFC9_GET_FLOW,

  757),     22078,     state,         A[10],Stage2.LFC9_VALVE_STATE,

  758),     22079,    ml/min,         A[10],Stage2.LFC10_SET_FLOW,

  759),     22080,    ml/min,         A[10],Stage2.LFC10_GET_FLOW,

  760),     22081,     state,         A[10],Stage2.LFC10_VALVE_STATE,

  761),     22082,    ml/min,         A[10],Stage2.LFC11_SET_FLOW,

  762),     22083,    ml/min,         A[10],Stage2.LFC11_GET_FLOW,

  763),     22084,     state,         A[10],Stage2.LFC11_VALVE_STATE,

  764),     22085,    ml/min,         A[10],Stage2.LFC12_SET_FLOW,

  765),     22086,    ml/min,         A[10],Stage2.LFC12_GET_FLOW,

  766),     22087,     state,         A[10],Stage2.LFC12_VALVE_STATE,

  767),     22088,       lpm,         A[10],Stage2.MFC_N2_SET_FLOW,

  768),     22089,       lpm,         A[10],Stage2.MFC_N2_GET_FLOW,

  769),     22090,     state,         A[10],Stage2.MFC_N2_VALVE_STATE,

  770),     22091,     state,         A[10],Stage2.Front_Brush_Servo_State,

  771),     22092,     state,         A[10],Stage2.BAck_Brush_Servo_State,

  772),     22093,     state,         A[10],Stage2.Oscill_Brush_Servo_State,

  773),     22094,     state,         A[10],Stage2.Front_Brush_Idle_State,

  774),     22095,     state,         A[10],Stage2.BAck_Brush_Idle_State,

  775),     22096,     state,         A[10],Stage2.Oscill_Brush_Idle_State,

  776),     22097,     state,         A[10],Stage2.Updown_Nozzle_Idle_State,

  777),     22098,     state,         A[10],Stage2.Swing_Nozzle_Idle_State,

  778),     22099,       rpm,         A[10],Stage2.Roller_L1_Set_RPM,

  779),     22100,       rpm,         A[10],Stage2.Roller_L2_Set_RPM,

  780),     22101,       rpm,         A[10],Stage2.Roller_R1_Set_RPM,

  781),     22102,       rpm,         A[10],Stage2.Roller_L1_Get_RPM,

  782),     22103,       rpm,         A[10],Stage2.Roller_L2_Get_RPM,

  783),     22104,       rpm,         A[10],Stage2.Roller_R1_Get_RPM,

  784),     22105,       rpm,         A[10],Stage2.Upper_Brush_Set_RPM,

  785),     22106,       rpm,         A[10],Stage2.Lower_Brush_Set_RPM,

  786),     22107,       rpm,         A[10],Stage2.Upper_Brush_Get_RPM,

  787),     22108,       rpm,         A[10],Stage2.Lower_Brush_Get_RPM,

  788),     22109,         %,         A[10],Stage2.Upper_Brush_Torque,

  789),     22110,         %,         A[10],Stage2.Lower_Brush_Torque,

  790),     22114,        mm,         A[10],Stage2.Upper_Brush_Position,

  791),     22115,        mm,         A[10],Stage2.Lower_Brush_Position,

  792),     22116,        mm,         A[10],Stage2.Nozzle_Height,

  793),     22117,        mm,         A[10],Stage2.Nozzle_Degree,

  794),     23001,        __,         A[20],Stage3.Z_KEY_LOTID,

  795),     23002,        __,         A[20],Stage3.Z_KEY_RECIPE_NAME,

  796),     23003,        __,         A[10],Stage3.Z_KEY_STATUS,

  797),     23004,        __,         A[20],Stage3.Z_KEY_STEP_NAME,

  798),     23005,        __,         A[10],Stage3.Z_KEY_WFR_NO,

  799),     23011,        __,         A[10],Stage3.LOTID,

  800),     23012,        __,         A[20],Stage3.Last_Recipe_Name,

  801),     23013,        __,         A[20],Stage3.MATERIALID,

  802),     23014,        __,         A[10],Stage3.STEPID,

  803),     23015,        __,         A[10],Stage3.LPx_PortID,

  804),     23016,        __,         A[10],Stage3.LPx_SlotID,

  805),     23017,        __,         A[10],Stage3.Process_Time,

  806),     23018,        __,         A[20],Stage3.LPx_CID,

  807),     23019,        __,         A[20],Stage3.Last_Recipe_Name,

  808),     23020,        __,         A[10],Stage3.Chamber_ID,

  809),     23022,        __,         A[20],Stage3.CJobID,

  810),     23023,        __,         A[20],Stage3.PJobID,

  811),     23024,        __,         A[10],Stage3.Total_Process_Time,

  812),     23025,        __,         A[10],Stage3.Current_Process_Time,

  813),     23026,        __,         A[10],Stage3.Total_Step_Count,

  814),     23027,        __,         A[10],Stage3.Current_Step_Count,

  815),     23028,        __,         A[10],Stage3.Total_Step_Time,

  816),     23029,        __,         A[10],Stage3.Current_Step_Time,

  817),     23030,        __,         A[20],Stage3.Step_Message,

  818),     23031,        __,         A[10],Stage3.Bowl_Up_Down_Status,

  819),     23032,        __,         A[10],Stage3.Chuck_Open_Close_Status,

  820),     23033,        __,         A[10],Stage3.Shutter_Open_Close_Status,

  821),     23034,       rpm,         A[10],Stage3.Spin_Motor_RPM,

  822),     23035,       lpm,         A[10],Stage3.Spin_Rotation_State,

  823),     23036,        __,         A[10],Stage3.Spin_Alarm_State,

  824),     23037,        __,         A[10],Stage3.Spin_Home_Sensor_State,

  825),     23038,        __,         A[10],Stage3.Wafer_Detect_Sensor_State,

  826),     23039,        __,         A[10],Stage3.Wafer_interlock_Sensor_State,

  827),     23040,    ml/min,         A[10],Stage3.SC1_AERO_Flow,

  828),     23041,    ml/min,         A[10],Stage3.SC1_AERO_Flow_Set,

  829),     23042,    ml/min,         A[10],Stage3.SC1_Front_Nozzle_Flow,

  830),     23043,    ml/min,         A[10],Stage3.SC1_Front_Nozzle_Flow_Set,

  831),     23044,    ml/min,         A[10],Stage3.SC1_Back_Nozzle_Flow,

  832),     23045,    ml/min,         A[10],Stage3.SC1_Back_Nozzle_Flow_Set,

  833),     23046,    ml/min,         A[10],Stage3.DIW_Back_Nozzle_Rinse,

  834),     23047,    ml/min,         A[10],Stage3.DIW_Back_Nozzle_Rinse_Set,

  835),     23048,    ml/min,         A[10],Stage3.DIW_Front_Rinse,

  836),     23049,    ml/min,         A[10],Stage3.DIW_Front_Rinse_Set,

  837),     23050,    ml/min,         A[10],Stage3.N2_Front_Flow,

  838),     23051,    ml/min,         A[10],Stage3.N2_Front_Flow_Set,

  839),     23052,     State,         A[10],Stage3.Updown_Nozzle_Home_State,

  840),     23053,     State,         A[10],Stage3.Swing_Nozzle_Home_State,

  841),     23054,     State,         A[10],Stage3.Updown_Nozzle_Pos_Limit_State,

  842),     23055,     State,         A[10],Stage3.Swing_Nozzle_Pos_Limit_State,

  843),     23056,     State,         A[10],Stage3.Updown_Nozzle_Neg_Limit_State,

  844),     23057,     State,         A[10],Stage3.Swing_Nozzle_Neg_Limit_State,

  845),     23058,     State,         A[10],Stage3.Updown_Nozzle_Idle_State,

  846),     23059,     State,         A[10],Stage3.Swing_Nozzle_Idle_State,

  847),     23060,        mm,         A[10],Stage3.Swing_Nozzle_Height,

  848),     23061,       deg,         A[10],Stage3.Swing_Nozzle_Degree,

  849),     23062,       psi,         A[10],Stage3.NCC_Exhaust_Press,

  850),     24001,        __,         A[20],Stage4.Z_KEY_LOTID,

  851),     24002,        __,         A[20],Stage4.Z_KEY_RECIPE_NAME,

  852),     24003,        __,         A[10],Stage4.Z_KEY_STATUS,

  853),     24004,        __,         A[20],Stage4.Z_KEY_STEP_NAME,

  854),     24005,        __,         A[10],Stage4.Z_KEY_WFR_NO,

  855),     24011,        __,         A[10],Stage4.LOTID,

  856),     24012,        __,         A[20],Stage4.Last_Recipe_Name,

  857),     24013,        __,         A[20],Stage4.MATERIALID,

  858),     24014,        __,         A[10],Stage4.STEPID,

  859),     24015,        __,         A[10],Stage4.LPx_PortID,

  860),     24016,        __,         A[10],Stage4.LPx_SlotID,

  861),     24017,        __,         A[10],Stage4.Process_Time,

  862),     24018,        __,         A[20],Stage4.LPx_CID,

  863),     24019,        __,         A[20],Stage4.Last_Recipe_Name,

  864),     24020,        __,         A[10],Stage4.Chamber_ID,

  865),     24022,        __,         A[20],Stage4.CJobID,

  866),     24023,        __,         A[20],Stage4.PJobID,

  867),     24024,        __,         A[10],Stage4.Total_Process_Time,

  868),     24025,        __,         A[10],Stage4.Current_Process_Time,

  869),     24026,        __,         A[10],Stage4.Total_Step_Count,

  870),     24027,        __,         A[10],Stage4.Current_Step_Count,

  871),     24028,        __,         A[10],Stage4.Total_Step_Time,

  872),     24029,        __,         A[10],Stage4.Current_Step_Time,

  873),     24030,        __,         A[20],Stage4.Step_Message,

  874),     24031,        __,         A[10],Stage4.Bowl_Up_Down_Status,

  875),     24032,        __,         A[10],Stage4.Chuck_Open_Close_Status,

  876),     24033,        __,         A[10],Stage4.Shutter_Open_Close_Status,

  877),     24034,       rpm,         A[10],Stage4.Spin_Motor_RPM,

  878),     24035,       lpm,         A[10],Stage4.Spin_Rotation_State,

  879),     24036,        __,         A[10],Stage4.Spin_Alarm_State,

  880),     24037,        __,         A[10],Stage4.Spin_Home_Sensor_State,

  881),     24038,        __,         A[10],Stage4.Wafer_Detect_Sensor_State,

  882),     24039,        __,         A[10],Stage4.Wafer_interlock_Sensor_State,

  883),     24040,       lpm,         A[10],Stage4.Swing_Nozzle_N2_Dry,

  884),     24041,       lpm,         A[10],Stage4.Swing_Nozzle_N2_Dry_Set,

  885),     24042,    ml/min,         A[10],Stage4.Swing_Nozzle_IPA_Flow,

  886),     24043,    ml/min,         A[10],Stage4.Swing_Nozzle_IPA_Flow_Set,

  887),     24044,    ml/min,         A[10],Stage4.Front_Nozzle_DIW_Flow,

  888),     24045,    ml/min,         A[10],Stage4.Front_Nozzle_DIW_Flow_Set,

  889),     24046,    ml/min,         A[10],Stage4.Back_Nozzle_DIW_Flow,

  890),     24047,    ml/min,         A[10],Stage4.Back_Nozzle_DIW_Flow_Set,

  891),     24048,    ml/min,         A[10],Stage4.Swing_Nozzle_DIW_Flow,

  892),     24049,    ml/min,         A[10],Stage4.Swing_Nozzle_DIW_Flow_Set,

  893),     24050,        __,         A[10],Stage4.IC_Bowl_Up_Down_Status,

  894),     24051,        __,         A[10],Stage4.Door_Open_Close_Status,

  895),     24052,     State,         A[10],Stage4.Updown_Nozzle_Home_State,

  896),     24053,     State,         A[10],Stage4.Swing_Nozzle_Home_State,

  897),     24054,     State,         A[10],Stage4.Updown_Nozzle_Pos_Limit_State,

  898),     24055,     State,         A[10],Stage4.Swing_Nozzle_Pos_Limit_State,

  899),     24056,     State,         A[10],Stage4.Updown_Nozzle_Neg_Limit_State,

  900),     24057,     State,         A[10],Stage4.Swing_Nozzle_Neg_Limit_State,

  901),     24058,     State,         A[10],Stage4.Updown_Nozzle_Idle_State,

  902),     24059,     State,         A[10],Stage4.Swing_Nozzle_Idle_State,

  903),     24060,        mm,         A[10],Stage4.Swing_Nozzle_Height,

  904),     24061,       deg,         A[10],Stage4.Swing_Nozzle_Degree,

  905),     24062,     deg/s,         A[10],Stage4.Swing_Nozzle_Velocity,

  906),     24063,       psi,         A[10],Stage4.IPA_Exhaust_Press,

  907),     24064,       psi,         A[10],Stage4.IPA_Envir_Exhaust_Press,

  908),     25001,     state,         A[10],DHF,

  909),     25002,     state,         A[10],DHF,

  910),     25003,     state,         A[10],DHF,

  911),     25004,     state,         A[10],SC1,

  912),     25005,     state,         A[10],SC1,

  913),     25006,     state,         A[10],SC1,

  914),     25007,     state,         A[10],IPA,

  915),     25008,     state,         A[10],IPA,

  916),     25009,     state,         A[10],IPA,

  917),     25010,     state,         A[10],PCW,

  918),     25011,     state,         A[10],PCW,

  919),     25012,     state,         A[10],PCW,

  920),     25013,     state,         A[10],P.N2,

  921),     25014,     state,         A[10],P.N2,

  922),     25015,     state,         A[10],P.N2,

  923),     25016,     state,         A[10],DIW,

  924),     25017,     state,         A[10],DIW,

  925),     25018,     state,         A[10],DIW,

  926),     25019,     state,         A[10],AIR,

  927),     25020,     state,         A[10],AIR,

  928),     25021,     state,         A[10],AIR,

  929),     25022,     state,         A[10],AIR,

  930),     25023,     state,         A[10],AIR,

  931),     25024,     state,         A[10],AIR,

  932),     25025,     state,         A[10],AIR,

  933),     25026,     state,         A[10],AIR,

  934),     25027,     state,         A[10],AIR,

  935),     25028,     state,         A[10],AIR,

  936),     25029,     state,         A[10],AIR,

  937),     25030,     state,         A[10],AIR,

  938),     25031,     state,         A[10],Brush1,

  939),     25032,     state,         A[10],Brush1,

  940),     25033,     state,         A[10],Brush1,

  941),     25034,     state,         A[10],NCC,

  942),     25035,     state,         A[10],NCC,

  943),     25036,     state,         A[10],NCC,

  944),     25037,     state,         A[10],Side,

  945),     25038,     state,         A[10],Side,

  946),     25039,     state,         A[10],Side,

  947),     25040,     state,         A[10],Side,

  948),     25041,     state,         A[10],Brush1,

  949),     25042,     state,         A[10],Brush2,

  950),     25043,     state,         A[10],NCC,

  951),     25044,     state,         A[10],IPA,

  952),     25045,     state,         A[10],FireExtinguisher,

  953),     25046,     state,         A[10],FireExtinguisher,

  954),     25047,     state,         A[10],FireExtinguisher,

  955),     25048,     state,         A[10],Shuttle_G_Home_Sensor_State,

  956),     25049,     state,         A[10],Shuttle_Z_Home_Sensor_State,

  957),     25050,     state,         A[10],Shuttle_Y_Home_Sensor_State,

  958),     25051,     state,         A[10],Shuttle_G_Transfer_Sensor_State,

  959),     25052,     state,         A[10],Shuttle_Z_Transfer_Sensor_State,

  960),     25053,     state,         A[10],Shuttle_Y_Transfer_Sensor_State,

  961),     25054,     state,         A[10],Shuttle_G_Pos_Limit_Sensor_State,

  962),     25055,     state,         A[10],Shuttle_Z_Pos_Limit_Sensor_State,

  963),     25056,     state,         A[10],Shuttle_Y_Pos_Limit_Sensor_State,

  964),     25057,     state,         A[10],Shuttle_G_Neg_Limit_Sensor_State,

  965),     25058,     state,         A[10],Shuttle_Z_Neg_Limit_Sensor_State,

  966),     25059,     state,         A[10],Shuttle_Y_Neg_Limit_Sensor_State,

  967),     25060,     state,         A[10],Shuttle_G_Servo_State,

  968),     25061,     state,         A[10],Shuttle_Z_Servo_State,

  969),     25062,     state,         A[10],Shuttle_Y_Servo_State,

  970),     25063,     state,         A[10],Shuttle_G_Motion_Idle_State,

  971),     25064,     state,         A[10],Shuttle_Z_Motion_Idle_State,

