OBJECT_NAME : DB_ETCHER,

OBJECT_NAME : DB_GUI,

OBJECT_NAME : DB_INF,

OBJECT_NAME : DB_SYS,
OK,401,DB_SYS - Simulation mode is active !,,CHECK	,
OK,402,DB_SYS - Setpoint Interlock Disable !,Config Page에서 Setpoint Interlock를 Disable 설정했습니다.<\n>정상적인 설비 운영시에는 반드시 Enable로 전환 바랍니다.<\n>,CHECK	,
OK,403,DB_SYS - Setpoint & Monitoring Interlock Disable !,Config Page에서 Setpoint & Monitoring Interlock를 Disable 설정했습니다.<\n>정상적인 설비 운영시에는 반드시 Enable로 전환 바랍니다.<\n>,CHECK	,

OBJECT_NAME : FNC_CHM,
OK,501,FNC_CHM - ATM Pressure Time-Out !,Please	 check the chamber's pressure.<\n>,RETRY	ABORT	,
OK,502,FNC_CHM - Soft Venting Time-Out !,Please	 check the chamber's pressure.<\n>,RETRY	ABORT	,
OK,503,FNC_CHM - Soft Pumping Time-Out !,Please	 check the chamber's pressure.<\n>,RETRY	ABORT	,
OK,504,FNC_CHM - Low Vacuum Time-Out !,Please	 check the chamber's pressure.<\n>,RETRY	ABORT	,
OK,505,FNC_CHM - High Vacuum Time-Out !,Please	 check the chamber's pressure.<\n>,RETRY	ABORT	,
OK,506,FNC_CHM - Foreline Pumping Time-Out !,Please	 check the chamber's pressure.<\n>,RETRY	ABORT	,
OK,507,FNC_CHM - Foreline Over-Pumping Time-Out !,Please	 check the chamber's pressure.<\n>,RETRY	ABORT	,
OK,508,FNC_CHM - Foreline Pressure Sensor and Value Check Timeout,Please	 check the CM3S1 Sensor and Pressure Value,RETRY	ABORT	,
OK,509,FNC_CHM - Vacuum Sensor & Foreline Pressure Sensor Check Timeout,Please	 check the Vacuum Sensor & CM3S1 Pressure Sensor,RETRY	ABORT	,
OK,510,FNC_CHM - Chamber Pressure Sensor Check Timeout,Please	 Check the Chamber Vacuum Sensor.,RETRY	ABORT	,
OK,511,FNC_CHM - Process Pressure Sensor Check TImeout,Please	 Check the Chamber Vacuum Sensor.,RETRY	ABORT	,
OK,512,FNC_CHM - ATM Sensor Check timeout,Please	 check the ATM Sensor,RETRY	ABORT	,
OK,513,FNC_CHM - PMC's slot valve is not closed !,Please	 check the pmc's slit valve.<\n>,RETRY	ABORT	IGNORE	,
OK,530,FNC_CHM - PMC's shutter valve is not closed !,Please	 check the pmc's shutter valve.<\n>,RETRY	ABORT	,
OK,514,FNC_CHM - RF Contact Enable Timeout,Please	 RF Contact Status,RETRY	ABORT	,
OK,515,FNC_CHM - APC Valve Close Condition Occur.,Now.. Chamber Pressure is higher than (CM2 SW1) or (CM2 SW2) Config Value..<\n>For Safety	 APC Valve Will be Closed !!<\n>,CHECK	,
OK,516,FNC_CHM - Manometer Isolation Valve Close Condition Occur.,Now.. Chamber Pressure is higher than (CM2 SW2) Config Value..<\n>For Safety	 Manometer Isolation Valve Will be Closed !!<\n>,CHECK	,
OK,518,FNC_CHM - During Venting	 Vacuum Sensor Off Timeout.,Now.. Chamber Vacuum Sensor is not False whith a config timeout.<\n>Please	 Check Sensor Status !!<\n>,RETRY	ABORT	,
OK,519,FNC_CHM - During Venting	 ATM Sensor On Timeout.,Now.. Chamber Atm Sensor is not True whith a config timeout.<\n>Please	 Check Sensor Status !!<\n>,RETRY	ABORT	,
OK,520,FNC_CHM - Leak Check	 Max Pressure Alarm,During Leak Checking	 Current Chamber Pressure is higher than config value.<\n>Please	 Check Chamber Pressure Status !!<\n>,ABORT	,
OK,521,FNC_CHM - Leak Check Result Value is abnormal Alarm,After Leak Checking	 Leak Rate Result is higher than config value.<\n>Please	 Check Chamber Pressure Status !!<\n>,ABORT	,
OK,534,FNC_CHM - Leak Check with VAT valve position moving is start pressure over !,VAT valve관련 H/W를 확인해 주시기 바랍니다. <\n>VAT 관련된 부위에 LEAK이 있는 것 같습니다. <\n>,ABORT	,
OK,522,FNC_CHM - Main Water Leak Detect Alarm,Please	 Check Water Leak Detect Status !!<\n>,CHECK	,
OK,523,FNC_CHM - RF Contactor Automatically Off Condition Occur.,Please	 Check RF and Matcher Offline Status !!<\n>,CHECK	,
OK,524,FNC_CHM - RF Contactor Automatically Off Condition Occur.,Please	 Check Chamber Vacuum Status !!<\n>,CHECK	,
OK,525,FNC_CHM - RF Contactor Automatically Off Condition Occur.,Please	 Check Dry Pump Power Status !!<\n>,CHECK	,
OK,526,FNC_CHM - RF Matcher Alarm Not Normal Status.,Please	 Check Matcher Alarm Status !!<\n>,CHECK	,
OK,527,FNC_CHM - VAC Sensor Checking Timeout.,Please	 Check VAC Sensor Status !!<\n>,CHECK	,
OK,529,FNC_CHM - The state of Dry-Pump is not On !,Please	 Check the state of Dry-Pump ! <\n>,ABORT	,
OK,532,FNC_CHM - Top Plate Temperature must be less than 60 C.,If you want to execute "venting sequence"	 <\n>You must set the temperature of top plate to less than 60 C. <\n>,CHECK	,
OK,533,FNC_CHM - Current PMC's status is "ATM MAINT".,Please	 convert "ATM Maint"'s status from "YES" to "NO". <\n>There is "ATM Maint" button in PMC maint page. <\n>,CHECK	,
OK,541,FNC_CHM - The slot-valve of chamber is not closed !,Please	 close the slot-valve of chamber. <\n>,ABORT	RETRY	,
OK,542,FNC_CHM - The lid of chamber is not closed !,Please	 close the lid of chamber. <\n>,ABORT	RETRY	,

OBJECT_NAME : FNC_GAS_VLV_CTRL,
OK,601,FNC_GAS_VLV_CTRL - Chamber가 Pumping 상태가 아닙니다. <\n>,Chamber Pumping 후에 작업을 진행하시기 바랍니다.<\n>,RETRY	ABORT	,

OBJECT_NAME : FNC_PM_DATALOG,

OBJECT_NAME : FNC_PROC,
OK,801,FNC_PROC - Process recipe does not exist.,Please	 check process recipe file.<\n>,ABORT	RETRY	,
OK,802,FNC_PROC - Check Process Recovery Action !,Please	 check process recovery action.<\n>If you select [RESTART]					the process will restart after system initialize.<\n>If you select [ABORT]					the process will be aborted.<\n>If you select [JUMP]						the step that you select will be executed.<\n>If you select [END]						Without Plasma Dechuck.. the process will be normally completed.<\n>If you select [END_WITH_PLASMA_DECHUCK]	       With Plasma Dechuck recipe will be executed.<\n>,RESTART	ABORT	JUMP	END	PLASMA_DECHUCK	,
OK,803,FNC_PROC - Check Process Recovery Action !,Please	 check process recovery action.<\n>If you select [RESTART]					the process will restart after system initialize.<\n>If you select [ABORT]					the process will be aborted.<\n>If you select [JUMP]						the step that you select will be executed.<\n>If you select [END]						Without Plasma Dechuck.. the process will be normally completed.<\n>,RESTART	ABORT	JUMP	END	,
OK,804,FNC_PROC - Process [Plasma Dechuck] recipe does not exist.,Please	 check [Plasma Dechuck] recipe file.<\n>,RETRY	ABORT	,
OK,805,FNC_PROC - Process [Plasma Dechuck] Sequence Failed.,You must execute plasma dechuck sequence <\n><\n>If you don't	 Wafer may be broken in the chamber. <\n>,CLEAR	,
OK,806,FNC_PROC - Process recipe file is being changed	 now. <\n>,The process will run after recipe file save. <\n>Please	 wait or recipe file. <\n>,CLEAR	,
OK,807,FNC_PROC - Do you want to convert the status of wafer ? <\n>,If you click "YES"	 the status of wafer will be converted to "PROCESSED". <\n>If you click "NO"	  the status of wafer will be not changed. <\n>,YES	NO	,
OK,808,FNC_PROC - Do you want to proceed the re-processing of wafer ?,If you click "YES"	 the process will be proceeded. <\n>If you click "NO"	  the process will be aborted. <\n>,YES	NO	,
OK,809,FNC_PROC - The step size of process recipe is not correct !,,RETRY	ABORT	,
OK,810,FNC_PROC - Process를 진행할 상태가 아닙니다.,Lift_Pin은 Down 상태이어야 합니다. <\n>,RETRY	ABORT	,

OBJECT_NAME : FNC_STEP,
OK,901,FNC_STEP - STEP OVERTIME ALARM.,Process Step Time-Over Alarm Message.<\n>Check Process Step time and Control time.,CLEAR	,
OK,902,FNC_STEP - STABLE OVERTIME ALARM.,Process Stable Step Time-over Alarm Message.<\n>Check Process Stable Step time and Control time.,CLEAR	,

OBJECT_NAME : FNC_SYSTEM,
OK,1001,FNC_SYSTEM : SYSTEM INIT FAILED.,System Component Initialize Action Failed.,CHECK	,

OBJECT_NAME : INF_ACTIVE_HANDOFF,

OBJECT_NAME : INF_PMC,

OBJECT_NAME : MNG_AUTO_PM,
OK,1401,MNG_AUTO_PM - OBJECT MODE : UNKNOWN,,ABORT	,
OK,1402,MNG_AUTO_PM - AUTO PM : Utility Program Can't run !,,CHECK	,

OBJECT_NAME : Mng_GAUGE_CHECK,

OBJECT_NAME : MNG_MFC_FLOW,
OK,1801,MNG_MFC_FLOW - OBJECT MODE : UNKNOWN,,ABORT	,
OK,1802,MNG_MFC_FLOW - MFC Partial & CAL. : Utility Program Can't run !,,CHECK	,
OK,1803,MNG_MFC_FLOW - MFC FLOW CHECK Timeout !,,CHECK	,
OK,1804,MNG_MFC_FLOW - MFC FLOW MAX. GAS CAL. FLOW : ERROR !,,CHECK	,
OK,1811,MNG_MFC_FLOW - MFC1's Calibration : Low Warning.,,CHECK	,
OK,1812,MNG_MFC_FLOW - MFC2's Calibration : Low Warning.,,CHECK	,
OK,1813,MNG_MFC_FLOW - MFC3's Calibration : Low Warning.,,CHECK	,
OK,1814,MNG_MFC_FLOW - MFC4's Calibration : Low Warning.,,CHECK	,
OK,1815,MNG_MFC_FLOW - MFC5's Calibration : Low Warning.,,CHECK	,
OK,1816,MNG_MFC_FLOW - MFC6's Calibration : Low Warning.,,CHECK	,
OK,1817,MNG_MFC_FLOW - MFC7's Calibration : Low Warning.,,CHECK	,
OK,1818,MNG_MFC_FLOW - MFC8's Calibration : Low Warning.,,CHECK	,
OK,1819,MNG_MFC_FLOW - MFC9's Calibration : Low Warning.,,CHECK	,
OK,1820,MNG_MFC_FLOW - MFC10's Calibration : Low Warning.,,CHECK	,
OK,1821,MNG_MFC_FLOW - MFC11's Calibration : Low Warning.,,CHECK	,
OK,1822,MNG_MFC_FLOW - MFC12's Calibration : Low Warning.,,CHECK	,
OK,1823,MNG_MFC_FLOW - MFC13's Calibration : Low Warning.,,CHECK	,
OK,1824,MNG_MFC_FLOW - MFC14's Calibration : Low Warning.,,CHECK	,
OK,1825,MNG_MFC_FLOW - MFC15's Calibration : Low Warning.,,CHECK	,
OK,1826,MNG_MFC_FLOW - MFC16's Calibration : Low Warning.,,CHECK	,
OK,1827,MNG_MFC_FLOW - MFC17's Calibration : Low Warning.,,CHECK	,
OK,1831,MNG_MFC_FLOW - MFC1's Calibration : High Warning.,,CHECK	,
OK,1832,MNG_MFC_FLOW - MFC2's Calibration : High Warning.,,CHECK	,
OK,1833,MNG_MFC_FLOW - MFC3's Calibration : High Warning.,,CHECK	,
OK,1834,MNG_MFC_FLOW - MFC4's Calibration : High Warning.,,CHECK	,
OK,1835,MNG_MFC_FLOW - MFC5's Calibration : High Warning.,,CHECK	,
OK,1836,MNG_MFC_FLOW - MFC6's Calibration : High Warning.,,CHECK	,
OK,1837,MNG_MFC_FLOW - MFC7's Calibration : High Warning.,,CHECK	,
OK,1838,MNG_MFC_FLOW - MFC8's Calibration : High Warning.,,CHECK	,
OK,1839,MNG_MFC_FLOW - MFC9's Calibration : High Warning.,,CHECK	,
OK,1840,MNG_MFC_FLOW - MFC10's Calibration : High Warning.,,CHECK	,
OK,1841,MNG_MFC_FLOW - MFC11's Calibration : High Warning.,,CHECK	,
OK,1842,MNG_MFC_FLOW - MFC12's Calibration : High Warning.,,CHECK	,
OK,1843,MNG_MFC_FLOW - MFC13's Calibration : High Warning.,,CHECK	,
OK,1844,MNG_MFC_FLOW - MFC14's Calibration : High Warning.,,CHECK	,
OK,1845,MNG_MFC_FLOW - MFC15's Calibration : High Warning.,,CHECK	,
OK,1846,MNG_MFC_FLOW - MFC16's Calibration : High Warning.,,CHECK	,
OK,1847,MNG_MFC_FLOW - MFC17's Calibration : High Warning.,,CHECK	,
OK,1851,MNG_MFC_FLOW - MFC1's Calibration : Low Error.,,CHECK	,
OK,1852,MNG_MFC_FLOW - MFC2's Calibration : Low Error.,,CHECK	,
OK,1853,MNG_MFC_FLOW - MFC3's Calibration : Low Error.,,CHECK	,
OK,1854,MNG_MFC_FLOW - MFC4's Calibration : Low Error.,,CHECK	,
OK,1855,MNG_MFC_FLOW - MFC5's Calibration : Low Error.,,CHECK	,
OK,1856,MNG_MFC_FLOW - MFC6's Calibration : Low Error.,,CHECK	,
OK,1857,MNG_MFC_FLOW - MFC7's Calibration : Low Error.,,CHECK	,
OK,1858,MNG_MFC_FLOW - MFC8's Calibration : Low Error.,,CHECK	,
OK,1859,MNG_MFC_FLOW - MFC9's Calibration : Low Error.,,CHECK	,
OK,1860,MNG_MFC_FLOW - MFC10's Calibration : Low Error.,,CHECK	,
OK,1861,MNG_MFC_FLOW - MFC11's Calibration : Low Error.,,CHECK	,
OK,1862,MNG_MFC_FLOW - MFC12's Calibration : Low Error.,,CHECK	,
OK,1863,MNG_MFC_FLOW - MFC13's Calibration : Low Error.,,CHECK	,
OK,1864,MNG_MFC_FLOW - MFC14's Calibration : Low Error.,,CHECK	,
OK,1865,MNG_MFC_FLOW - MFC15's Calibration : Low Error.,,CHECK	,
OK,1866,MNG_MFC_FLOW - MFC16's Calibration : Low Error.,,CHECK	,
OK,1867,MNG_MFC_FLOW - MFC17's Calibration : Low Error.,,CHECK	,
OK,1871,MNG_MFC_FLOW - MFC1's Calibration : High Error.,,CHECK	,
OK,1872,MNG_MFC_FLOW - MFC2's Calibration : High Error.,,CHECK	,
OK,1873,MNG_MFC_FLOW - MFC3's Calibration : High Error.,,CHECK	,
OK,1874,MNG_MFC_FLOW - MFC4's Calibration : High Error.,,CHECK	,
OK,1875,MNG_MFC_FLOW - MFC5's Calibration : High Error.,,CHECK	,
OK,1876,MNG_MFC_FLOW - MFC6's Calibration : High Error.,,CHECK	,
OK,1877,MNG_MFC_FLOW - MFC7's Calibration : High Error.,,CHECK	,
OK,1878,MNG_MFC_FLOW - MFC8's Calibration : High Error.,,CHECK	,
OK,1879,MNG_MFC_FLOW - MFC9's Calibration : High Error.,,CHECK	,
OK,1880,MNG_MFC_FLOW - MFC10's Calibration : High Error.,,CHECK	,
OK,1881,MNG_MFC_FLOW - MFC11's Calibration : High Error.,,CHECK	,
OK,1882,MNG_MFC_FLOW - MFC12's Calibration : High Error.,,CHECK	,
OK,1883,MNG_MFC_FLOW - MFC13's Calibration : High Error.,,CHECK	,
OK,1884,MNG_MFC_FLOW - MFC14's Calibration : High Error.,,CHECK	,
OK,1885,MNG_MFC_FLOW - MFC15's Calibration : High Error.,,CHECK	,
OK,1886,MNG_MFC_FLOW - MFC16's Calibration : High Error.,,CHECK	,
OK,1887,MNG_MFC_FLOW - MFC17's Calibration : High Error.,,CHECK	,

OBJECT_NAME : MNG_RF_CHECK,
OK,1901,MNG_RF_CHECK - OBJECT MODE : UNKNOWN,,ABORT	,
OK,1902,MNG_RF_CHECK - RFx CHECK : Utility Program Can't run !,,CHECK	,
OK,1903,MNG_RF_CHECK - Now	 RF Type can be changed !,Please	 change RF type after RF Checking sequence is completed. <\n>,CHECK	,
OK,1904,MNG_RF_CHECK - Now	 chamber's pressure status is not VAC. <\n>,To check the RF linearity	 the chamber's status must be VAC. <\n>Please	 check VAC sensor. <\n>,CHECK	,

OBJECT_NAME : MNG_VAT_CONDUCTANCE,
OK,2001,MNG_VAT_CONDUCTANCE - OBJECT MODE : UNKNOWN,,ABORT	,
OK,2002,MNG_VAT_CONDUCTANCE - APC Conductance : Utility Program Can't run !,,CHECK	,
OK,2003,MNG_VAT_CONDUCTANCE - APC Conductance : Range Error !,,CHECK	,

OBJECT_NAME : MNT_PROCESS,

OBJECT_NAME : OPR_PMC,
OK,2201,OPR_PMC - In PMC	 there is a wafer that not processed.,If you click "IGNORE"	 the status of system will be converted to "STANDBY". <\n>If you click "ABORT"	  the status of system will be not initialized. <\n>,ABORT	IGNORE	,

OBJECT_NAME : PAGE_CHM,

OBJECT_NAME : PAGE_SYSTEM_INIT,

OBJECT_NAME : PAGE_SYSTEM_MAINT,

OBJECT_NAME : PHY_CHM_IO,
OK,2701,PHY_CHM_IO - Monitoring Interlock Disable !,Config Page에서 Monitoring Interlock를 Disable 설정했습니다.<\n>이 Object에서 관리하는 모든 Monitoring Alarm들이 정지 됩니다.<\n>,CHECK	,

OBJECT_NAME : PHY_DRY,

OBJECT_NAME : PHY_ESC,
OK,3201,PHY_ESC - ESC Chuck Status is Unknown !,Please	 check current chuck-status ! <\n>,RETRY	ABORT	,
OK,3202,PHY_ESC - ESC Chuck Error : Chamber pressure is not vacuum !,Please	 check pressure in chamber ! <\n>,CLEAR	,
OK,3203,PHY_ESC - ESC Chuck Error : There is no wafer !,Please	 check wafer in chamber ! <\n>,CLEAR	,
OK,3204,PHY_ESC - ESC Chuck Center Voltage : MIN. Error !,Please	 check esc center config ! <\n>,CLEAR	,
OK,3205,PHY_ESC - ESC Chuck Center Voltage : MAX. Error !,Please	 check esc center config ! <\n>,CLEAR	,
OK,3231,PHY_ESC - ESC_Center voltage is in warning range !,Please	 check ESC_Center voltage ! <\n>,CLEAR	,
OK,3233,PHY_ESC - ESC_Center voltage is in fault range !,Please	 check ESC_Center voltage ! <\n>,CLEAR	,
OK,3235,PHY_ESC - ESC_Center voltage high limit !,Please	 check ESC_Center voltage ! <\n>,CLEAR	,
OK,3237,PHY_ESC - ESC_Center current high limit !,Please	 check ESC_Center current ! <\n>,CLEAR	,
OK,3206,PHY_ESC - ESC Chuck Edge Voltage : MIN. Error !,Please	 check esc edge config ! <\n>,CLEAR	,
OK,3207,PHY_ESC - ESC Chuck Edge Voltage : MAX. Error !,Please	 check esc edge config ! <\n>,CLEAR	,
OK,3232,PHY_ESC - ESC_Edge voltage is in warning range !,Please	 check ESC_Edge voltage ! <\n>,CLEAR	,
OK,3234,PHY_ESC - ESC_Edge voltage is in fault range !,Please	 check ESC_Edge voltage ! <\n>,CLEAR	,
OK,3236,PHY_ESC - ESC_Edge voltage high limit !,Please	 check ESC_Edge voltage ! <\n>,CLEAR	,
OK,3238,PHY_ESC - ESC_Edge current high limit !,Please	 check ESC_Edge current ! <\n>,CLEAR	,
OK,3225,PHY_ESC - He Center Pressure Warning !,Please	 check he center pressure ! <\n>,CLEAR	,
OK,3227,PHY_ESC - He Center Pressure Fault !,Please	 check he center pressure ! <\n>,CLEAR	,
OK,3226,PHY_ESC - He Edge Pressure Warning !,Please	 check he edge pressure ! <\n>,CLEAR	,
OK,3228,PHY_ESC - He Edge Pressure Fault !,Please	 check he edge pressure ! <\n>,CLEAR	,
OK,3221,PHY_ESC - He Center Flow Min. Threshold Error !,Please	 check he center flow ! <\n>,CLEAR	,
OK,3222,PHY_ESC - He Center Flow Max. Threshold Error !,Please	 check he center flow ! <\n>,CLEAR	,
OK,3223,PHY_ESC - He Edge Flow Min. Threshold Error !,Please	 check he edge flow ! <\n>,CLEAR	,
OK,3224,PHY_ESC - He Edge Flow Max. Threshold Error !,Please	 check he edger flow ! <\n>,CLEAR	,
OK,3214,PHY_ESC - Wafer가 Dechuck된 상태가 아닙니다 !,Wafer Minimum Leak Error ! <\n>Please	 check He flow! <\n>,CLEAR	,
OK,3215,PHY_ESC - Wafer Maximum Leak Error !,Please	 check He flow ! <\n>,CLEAR	,
OK,3208,PHY_ESC - Shutter not close !,Shutter가 닫힌 상태인지? 확인 바랍니다 ! <\n>,CLEAR	,
OK,3209,PHY_ESC - Slot-Valve not close !,Slot-Valve가 닫힌 상태인지? 확인 바랍니다 ! <\n>,CLEAR	,
OK,3211,PHY_ESC - He pressure Max. error !,Please	 check he pressure ! <\n>,CLEAR	,
OK,3212,PHY_ESC - Helium center config range error !,Please	 check helium center flow ! <\n>Helium center flow config condition is as followings : <\n>   1. Helium center pressure is set to 4.0 torr. <\n>   2. Get the flow of helium center bypass. <\n>   3. The flow of helium center bypass must be in (3.1 ~ 3.6) sccm range. <\n>,CLEAR	,
OK,3241,PHY_ESC - Helium setting error !,Process 중에 Helium 설정 값을 변경하는 작업을 할 수 없습니다. <\n>ESC 상태가 "Chucked"인 상태에서만 가능합니다. <\n>,CLEAR	,

OBJECT_NAME : PHY_GAS_VLV,

OBJECT_NAME : PHY_MFC1,
OK,3702,PHY_MFC1 - In MFC config page	 MFC's use is selected to "YES".,Please	 check MFC's Use Option in the config page. <\n>,CHECK	,
OK,3701,PHY_MFC1 - MFC Flow Control Aborted !.,MFC Control Error !.<\n>Please	 check H/W MFC controller.,CLEAR	,
OK,3703,PHY_MFC1 - MFC Flow Control Warning Range Alarm.,MFC Flow Control was over the Warning Range..<\n>,CLEAR	,
OK,3704,PHY_MFC1 - MFC Flow Control Abort Range Alarm.,Flow Control was over the Abort Range..<\n>For Safety	 MFC Flow Will be Stopped !!<\n>,CLEAR	,
OK,3705,PHY_MFC1 - During Idle	 MFC Flow Control Warning Range Alarm.,Flow Control was over the Warning Range..<\n>,CLEAR	,
OK,3706,PHY_MFC1 - During Idle	 MFC Flow Control Abort Range Alarm.,Flow Control was over the Abort Range..<\n>For Safety	 MFC Flow Will be Stopped !!<\n>,CLEAR	,

OBJECT_NAME : PHY_MFC2,
OK,3802,PHY_MFC2 - In MFC config page	 MFC's use is selected to "YES".,Please	 check MFC's Use Option in the config page. <\n>,CHECK	,
OK,3801,PHY_MFC2 - MFC Flow Control Aborted !.,MFC Control Error !.<\n>Please	 check H/W MFC controller.,CLEAR	,
OK,3803,PHY_MFC2 - MFC Flow Control Warning Range Alarm.,MFC Flow Control was over the Warning Range..<\n>,CLEAR	,
OK,3804,PHY_MFC2 - MFC Flow Control Abort Range Alarm.,Flow Control was over the Abort Range..<\n>For Safety	 MFC Flow Will be Stopped !!<\n>,CLEAR	,
OK,3805,PHY_MFC2 - During Idle	 MFC Flow Control Warning Range Alarm.,Flow Control was over the Warning Range..<\n>,CLEAR	,
OK,3806,PHY_MFC2 - During Idle	 MFC Flow Control Abort Range Alarm.,Flow Control was over the Abort Range..<\n>For Safety	 MFC Flow Will be Stopped !!<\n>,CLEAR	,

OBJECT_NAME : PHY_MFC3,
OK,3902,PHY_MFC3 - In MFC config page	 MFC's use is selected to "YES".,Please	 check MFC's Use Option in the config page. <\n>,CHECK	,
OK,3901,PHY_MFC3 - MFC Flow Control Aborted !.,MFC Control Error !.<\n>Please	 check H/W MFC controller.,CLEAR	,
OK,3903,PHY_MFC3 - MFC Flow Control Warning Range Alarm.,MFC Flow Control was over the Warning Range..<\n>,CLEAR	,
OK,3904,PHY_MFC3 - MFC Flow Control Abort Range Alarm.,Flow Control was over the Abort Range..<\n>For Safety	 MFC Flow Will be Stopped !!<\n>,CLEAR	,
OK,3905,PHY_MFC3 - During Idle	 MFC Flow Control Warning Range Alarm.,Flow Control was over the Warning Range..<\n>,CLEAR	,
OK,3906,PHY_MFC3 - During Idle	 MFC Flow Control Abort Range Alarm.,Flow Control was over the Abort Range..<\n>For Safety	 MFC Flow Will be Stopped !!<\n>,CLEAR	,

OBJECT_NAME : PHY_MFC4,
OK,4002,PHY_MFC4 - In MFC config page	 MFC's use is selected to "YES".,Please	 check MFC's Use Option in the config page. <\n>,CHECK	,
OK,4001,PHY_MFC4 - MFC Flow Control Aborted !.,MFC Control Error !.<\n>Please	 check H/W MFC controller.,CLEAR	,
OK,4003,PHY_MFC4 - MFC Flow Control Warning Range Alarm.,MFC Flow Control was over the Warning Range..<\n>,CLEAR	,
OK,4004,PHY_MFC4 - MFC Flow Control Abort Range Alarm.,Flow Control was over the Abort Range..<\n>For Safety	 MFC Flow Will be Stopped !!<\n>,CLEAR	,
OK,4005,PHY_MFC4 - During Idle	 MFC Flow Control Warning Range Alarm.,Flow Control was over the Warning Range..<\n>,CLEAR	,
OK,4006,PHY_MFC4 - During Idle	 MFC Flow Control Abort Range Alarm.,Flow Control was over the Abort Range..<\n>For Safety	 MFC Flow Will be Stopped !!<\n>,CLEAR	,

OBJECT_NAME : PHY_MFC5,
OK,4502,PHY_MFC5 - In MFC config page	 MFC's use is selected to "YES".,Please	 check MFC's Use Option in the config page. <\n>,CHECK	,
OK,4501,PHY_MFC5 - MFC Flow Control Aborted !.,MFC Control Error !.<\n>Please	 check H/W MFC controller.,CLEAR	,
OK,4503,PHY_MFC5 - MFC Flow Control Warning Range Alarm.,MFC Flow Control was over the Warning Range..<\n>,CLEAR	,
OK,4504,PHY_MFC5 - MFC Flow Control Abort Range Alarm.,Flow Control was over the Abort Range..<\n>For Safety	 MFC Flow Will be Stopped !!<\n>,CLEAR	,
OK,4505,PHY_MFC5 - During Idle	 MFC Flow Control Warning Range Alarm.,Flow Control was over the Warning Range..<\n>,CLEAR	,
OK,4506,PHY_MFC5 - During Idle	 MFC Flow Control Abort Range Alarm.,Flow Control was over the Abort Range..<\n>For Safety	 MFC Flow Will be Stopped !!<\n>,CLEAR	,

OBJECT_NAME : PHY_MFC6,
OK,4602,PHY_MFC6 - In MFC config page	 MFC's use is selected to "YES".,Please	 check MFC's Use Option in the config page. <\n>,CHECK	,
OK,4601,PHY_MFC6 - MFC Flow Control Aborted !.,MFC Control Error !.<\n>Please	 check H/W MFC controller.,CLEAR	,
OK,4603,PHY_MFC6 - MFC Flow Control Warning Range Alarm.,MFC Flow Control was over the Warning Range..<\n>,CLEAR	,
OK,4604,PHY_MFC6 - MFC Flow Control Abort Range Alarm.,Flow Control was over the Abort Range..<\n>For Safety	 MFC Flow Will be Stopped !!<\n>,CLEAR	,
OK,4605,PHY_MFC6 - During Idle	 MFC Flow Control Warning Range Alarm.,Flow Control was over the Warning Range..<\n>,CLEAR	,
OK,4606,PHY_MFC6 - During Idle	 MFC Flow Control Abort Range Alarm.,Flow Control was over the Abort Range..<\n>For Safety	 MFC Flow Will be Stopped !!<\n>,CLEAR	,

OBJECT_NAME : PHY_MFC7,
OK,4702,PHY_MFC7 - In MFC config page	 MFC's use is selected to "YES".,Please	 check MFC's Use Option in the config page. <\n>,CHECK	,
OK,4701,PHY_MFC7 - MFC Flow Control Aborted !.,MFC Control Error !.<\n>Please	 check H/W MFC controller.,CLEAR	,
OK,4703,PHY_MFC7 - MFC Flow Control Warning Range Alarm.,MFC Flow Control was over the Warning Range..<\n>,CLEAR	,
OK,4704,PHY_MFC7 - MFC Flow Control Abort Range Alarm.,Flow Control was over the Abort Range..<\n>For Safety	 MFC Flow Will be Stopped !!<\n>,CLEAR	,
OK,4705,PHY_MFC7 - During Idle	 MFC Flow Control Warning Range Alarm.,Flow Control was over the Warning Range..<\n>,CLEAR	,
OK,4706,PHY_MFC7 - During Idle	 MFC Flow Control Abort Range Alarm.,Flow Control was over the Abort Range..<\n>For Safety	 MFC Flow Will be Stopped !!<\n>,CLEAR	,

OBJECT_NAME : PHY_VAC_VLV,
OK,5001,PHY_VAC_VLV - FR Open Sensor Timeout !,,CHECK	,
OK,5002,PHY_VAC_VLV - SR Open Sensor Timeout !,,CHECK	,
OK,5003,PHY_VAC_VLV - FR Close Sensor Timeout !,,CHECK	,
OK,5004,PHY_VAC_VLV - SR Close Sensor Timeout !,,CHECK	,

OBJECT_NAME : PHY_VAT,
OK,5101,PHY_VAT - VAT Control Warning Range Alarm.,VAT control was over the warning range. <\n>,CLEAR	,
OK,5102,PHY_VAT - VAT Control Abort Range Alarm.,VAT Control was over the abort range. <\n>For safety	 MFC flow will be stopped !!<\n>,CLEAR	,
OK,5103,PHY_VAT - During Idle	 VAT Control Warning Range Alarm.,VAT control was over the warning range. <\n>,CLEAR	,
OK,5104,PHY_VAT - During Idle	 VAT Control Abort Range Alarm.,VAT control was over the abort range. <\n>For Safety	 VAT will be stopped !!<\n>,CLEAR	,
OK,5105,PHY_VAT - "Transfer ballast pressure wait" occurred !,Please	 check Ballast valve or N2 valve.<\n>,CHECK	,
OK,5106,PHY_VAT - "Transfer ballast over pressure" occurred !,Please	 check Ballast valve or N2 valve.<\n>,CHECK	,
OK,5107,PHY_VAT - "Chamber ballast pressure wait" occurred !,Please	 check Ballast valve or N2 valve.<\n>,CHECK	,
OK,5108,PHY_VAT - "Chamber ballast over pressure" occurred !,Please	 check Ballast valve or N2 valve.<\n>,CHECK	,
OK,5111,PHY_VAT - VAT Control Aborted !.,VAT Control Error !.<\n>Please	 check VAT controller.,CLEAR	,
OK,5112,PHY_VAT - In VAT config page	 VAT's use is selected to "NOT USE".,Please	 check VAT's use option in the config page. <\n>,CLEAR	,
OK,5113,PHY_VAT - TV Interlock 관련 Digital Output이 "ON" 되어 있습니다.,TV Interlock 관련 Digital Output 상태를 확인 바랍니다. <\n>,CLEAR	,
OK,5115,PHY_VAT - "VAT open timeout" occurred !,Please	 check VAT's board or cable. <\n>,CLEAR	,
OK,5116,PHY_VAT - "VAT close timeout" occurred !,Please	 check VAT's board or cable. <\n>,CLEAR	,
OK,5121,PHY_VAT - "VAT	Enable Sensor Error" occurred !,Please	 check VAT's Enable Sensor State. <\n>,CLEAR	,
OK,5122,PHY_VAT - "VAT	Ready Error" occurred !,Please	 check VAT's All Sensor State. <\n>,CLEAR	,
OK,5125,PHY_VAT - Open Interlock !,Open 명령을 수행 할 수 없습니다. <\n>,CLEAR	,

OBJECT_NAME : IO,

OBJECT_NAME : PHY_LIFT_PIN,
OK,5401,PHY_LIFT_PIN -  PIN LIFTER - Action Timeout ALARM.,Please	 Check the I/O Module & PIN Lifter.,CHECK	,
OK,5404,PHY_LIFT_PIN -  PIN LIFTER - Action Timeout ALARM.,Please	 Check the I/O Module & PIN Lifter.,RETRY	ABORT	,
OK,5402,PHY_LIFT_PIN -  PIN LIFTER - Chuck Status ALARM.,Please	 Check the Chucking Status.,CHECK	,
OK,5403,PHY_LIFT_PIN -  PIN LIFTER - ESC VOLTAGE PIN UP THRESHOLD ALARM.,Please	 Check ESC Voltage.,CHECK	,

OBJECT_NAME : INTERLOCK_MFC,
OK,6001,Interlock: MFC1 Flow Setting,Can not set MFC1's flow. <\n>,CHECK	,
OK,6002,Interlock: MFC2 Flow Setting,Can not set MFC2's flow. <\n>,CHECK	,
OK,6003,Interlock: MFC3 Flow Setting,Can not set MFC3's flow. <\n>,CHECK	,
OK,6004,Interlock: MFC4 Flow Setting,Can not set MFC4's flow. <\n>,CHECK	,
OK,6005,Interlock: MFC5 Flow Setting,Can not set MFC5's flow. <\n>,CHECK	,
OK,6006,Interlock: MFC6 Flow Setting,Can not set MFC6's flow. <\n>,CHECK	,
OK,6007,Interlock: MFC7 Flow Setting,Can not set MFC7's flow. <\n>,CHECK	,
OK,6008,Interlock: MFC8 Flow Setting,Can not set MFC8's flow. <\n>,CHECK	,
OK,6009,Interlock: MFC9 Flow Setting,Can not set MFC9's flow. <\n>,CHECK	,
OK,6010,Interlock: MFC10 Flow Setting,Can not set MFC10's flow. <\n>,CHECK	,
OK,6011,Interlock: MFC11 Flow Setting,Can not set MFC11's flow. <\n>,CHECK	,
OK,6012,Interlock: MFC12 Flow Setting,Can not set MFC12's flow. <\n>,CHECK	,
OK,6013,Interlock: MFC13 Flow Setting,Can not set MFC13's flow. <\n>,CHECK	,
OK,6014,Interlock: MFC14 Flow Setting,Can not set MFC14's flow. <\n>,CHECK	,
OK,6015,Interlock: MFC15 Flow Setting,Can not set MFC15's flow. <\n>,CHECK	,
OK,6016,Interlock: MFC16 Flow Setting,Can not set MFC16's flow. <\n>,CHECK	,
OK,6017,Interlock: MFC17 Flow Setting,Can not set MFC17's flow. <\n>,CHECK	,
OK,6021,Interlock: MFC1's Primary Valve Open,MFC1의 primary-valve를 Open 할 수 없습니다. <\n>,CHECK	,
OK,6022,Interlock: MFC2's Primary Valve Open,MFC2의 primary-valve를 Open 할 수 없습니다. <\n>,CHECK	,
OK,6023,Interlock: MFC3's Primary Valve Open,MFC3의 primary-valve를 Open 할 수 없습니다. <\n>,CHECK	,
OK,6024,Interlock: MFC4's Primary Valve Open,MFC4의 primary-valve를 Open 할 수 없습니다. <\n>,CHECK	,
OK,6025,Interlock: MFC5's Primary Valve Open,MFC5의 primary-valve를 Open 할 수 없습니다. <\n>,CHECK	,
OK,6026,Interlock: MFC6's Primary Valve Open,MFC6의 primary-valve를 Open 할 수 없습니다. <\n>,CHECK	,
OK,6027,Interlock: MFC7's Primary Valve Open,MFC7의 primary-valve를 Open 할 수 없습니다. <\n>,CHECK	,
OK,6028,Interlock: MFC8's Primary Valve Open,MFC8의 primary-valve를 Open 할 수 없습니다. <\n>,CHECK	,
OK,6029,Interlock: MFC9's Primary Valve Open,MFC9의 primary-valve를 Open 할 수 없습니다. <\n>,CHECK	,
OK,6030,Interlock: MFC10's Primary Valve Open,MFC10의 primary-valve를 Open 할 수 없습니다. <\n>,CHECK	,
OK,6031,Interlock: MFC11's Primary Valve Open,MFC11의 primary-valve를 Open 할 수 없습니다. <\n>,CHECK	,
OK,6032,Interlock: MFC12's Primary Valve Open,MFC12의 primary-valve를 Open 할 수 없습니다. <\n>,CHECK	,
OK,6033,Interlock: MFC13's Primary Valve Open,MFC13의 primary-valve를 Open 할 수 없습니다. <\n>,CHECK	,
OK,6034,Interlock: MFC14's Primary Valve Open,MFC14의 primary-valve를 Open 할 수 없습니다. <\n>,CHECK	,
OK,6035,Interlock: MFC15's Primary Valve Open,MFC15의 primary-valve를 Open 할 수 없습니다. <\n>,CHECK	,
OK,6036,Interlock: MFC16's Primary Valve Open,MFC16의 primary-valve를 Open 할 수 없습니다. <\n>,CHECK	,
OK,6037,Interlock: MFC17's Primary Valve Open,MFC17의 primary-valve를 Open 할 수 없습니다. <\n>,CHECK	,
OK,6041,Interlock: MFC1's Secondary Valve Open,Can not open MFC1's secondary valve. <\n>,CHECK	,
OK,6042,Interlock: MFC2's Secondary Valve Open,Can not open MFC2's secondary valve. <\n>,CHECK	,
OK,6043,Interlock: MFC3's Secondary Valve Open,Can not open MFC3's secondary valve. <\n>,CHECK	,
OK,6044,Interlock: MFC4's Secondary Valve Open,Can not open MFC4's secondary valve. <\n>,CHECK	,
OK,6045,Interlock: MFC5's Secondary Valve Open,Can not open MFC5's secondary valve. <\n>,CHECK	,
OK,6046,Interlock: MFC6's Secondary Valve Open,Can not open MFC6's secondary valve. <\n>,CHECK	,
OK,6047,Interlock: MFC7's Secondary Valve Open,Can not open MFC7's secondary valve. <\n>,CHECK	,
OK,6048,Interlock: MFC8's Secondary Valve Open,Can not open MFC8's secondary valve. <\n>,CHECK	,
OK,6049,Interlock: MFC9's Secondary Valve Open,Can not open MFC9's secondary valve. <\n>,CHECK	,
OK,6050,Interlock: MFC10's Secondary Valve Open,Can not open MFC10's secondary valve. <\n>,CHECK	,
OK,6051,Interlock: MFC11's Secondary Valve Open,Can not open MFC11's secondary valve. <\n>,CHECK	,
OK,6052,Interlock: MFC12's Secondary Valve Open,Can not open MFC12's secondary valve. <\n>,CHECK	,
OK,6053,Interlock: MFC13's Secondary Valve Open,Can not open MFC13's secondary valve. <\n>,CHECK	,
OK,6054,Interlock: MFC14's Secondary Valve Open,Can not open MFC14's secondary valve. <\n>,CHECK	,
OK,6055,Interlock: MFC15's Secondary Valve Open,Can not open MFC15's secondary valve. <\n>,CHECK	,
OK,6056,Interlock: MFC16's Secondary Valve Open,Can not open MFC16's secondary valve. <\n>,CHECK	,
OK,6057,Interlock: MFC17's Secondary Valve Open,Can not open MFC17's secondary valve. <\n>,CHECK	,
OK,6061,Interlock: MFC1's Purge Valve Open,MFC1의 purge-valve를 Open 할 수 없습니다. <\n>,CHECK	,
OK,6062,Interlock: MFC2's Purge Valve Open,MFC2의 purge-valve를 Open 할 수 없습니다. <\n>,CHECK	,
OK,6063,Interlock: MFC3's Purge Valve Open,MFC3의 purge-valve를 Open 할 수 없습니다. <\n>,CHECK	,
OK,6064,Interlock: MFC4's Purge Valve Open,MFC4의 purge-valve를 Open 할 수 없습니다. <\n>,CHECK	,
OK,6065,Interlock: MFC5's Purge Valve Open,MFC5의 purge-valve를 Open 할 수 없습니다. <\n>,CHECK	,
OK,6066,Interlock: MFC6's Purge Valve Open,MFC6의 purge-valve를 Open 할 수 없습니다. <\n>,CHECK	,
OK,6067,Interlock: MFC7's Purge Valve Open,MFC7의 purge-valve를 Open 할 수 없습니다. <\n>,CHECK	,
OK,6068,Interlock: MFC8's Purge Valve Open,MFC8의 purge-valve를 Open 할 수 없습니다. <\n>,CHECK	,
OK,6069,Interlock: MFC9's Purge Valve Open,MFC9의 purge-valve를 Open 할 수 없습니다. <\n>,CHECK	,
OK,6070,Interlock: MFC10's Purge Valve Open,MFC10의 purge-valve를 Open 할 수 없습니다. <\n>,CHECK	,
OK,6071,Interlock: MFC11's Purge Valve Open,MFC11의 purge-valve를 Open 할 수 없습니다. <\n>,CHECK	,
OK,6072,Interlock: MFC12's Purge Valve Open,MFC12의 purge-valve를 Open 할 수 없습니다. <\n>,CHECK	,
OK,6073,Interlock: MFC13's Purge Valve Open,MFC13의 purge-valve를 Open 할 수 없습니다. <\n>,CHECK	,
OK,6074,Interlock: MFC14's Purge Valve Open,MFC14의 purge-valve를 Open 할 수 없습니다. <\n>,CHECK	,
OK,6075,Interlock: MFC15's Purge Valve Open,MFC15의 purge-valve를 Open 할 수 없습니다. <\n>,CHECK	,
OK,6076,Interlock: MFC16's Purge Valve Open,MFC16의 purge-valve를 Open 할 수 없습니다. <\n>,CHECK	,
OK,6077,Interlock: MFC17's Purge Valve Open,MFC17의 purge-valve를 Open 할 수 없습니다. <\n>,CHECK	,
OK,6081,Value Interlock: MFC1's Valve Open Interlock !,MFC1's all valve will be closed ! <\n>,CHECK	,
OK,6082,Value Interlock: MFC2's Valve Open Interlock !,MFC2's all valve will be closed ! <\n>,CHECK	,
OK,6083,Value Interlock: MFC3's Valve Open Interlock !,MFC3's all valve will be closed ! <\n>,CHECK	,
OK,6084,Value Interlock: MFC4's Valve Open Interlock !,MFC4's all valve will be closed ! <\n>,CHECK	,
OK,6085,Value Interlock: MFC5's Valve Open Interlock !,MFC5's all valve will be closed ! <\n>,CHECK	,
OK,6086,Value Interlock: MFC6's Valve Open Interlock !,MFC6's all valve will be closed ! <\n>,CHECK	,
OK,6087,Value Interlock: MFC7's Valve Open Interlock !,MFC7's all valve will be closed ! <\n>,CHECK	,
OK,6088,Value Interlock: MFC8's Valve Open Interlock !,MFC8's all valve will be closed ! <\n>,CHECK	,
OK,6089,Value Interlock: MFC9's Valve Open Interlock !,MFC9's all valve will be closed ! <\n>,CHECK	,
OK,6090,Value Interlock: MFC10's Valve Open Interlock !,MFC10's all valve will be closed ! <\n>,CHECK	,
OK,6091,Value Interlock: MFC11's Valve Open Interlock !,MFC11's all valve will be closed ! <\n>,CHECK	,
OK,6092,Value Interlock: MFC12's Valve Open Interlock !,MFC12's all valve will be closed ! <\n>,CHECK	,
OK,6093,Value Interlock: MFC13's Valve Open Interlock !,MFC13's all valve will be closed ! <\n>,CHECK	,
OK,6094,Value Interlock: MFC14's Valve Open Interlock !,MFC14's all valve will be closed ! <\n>,CHECK	,
OK,6095,Value Interlock: MFC15's Valve Open Interlock !,MFC15's all valve will be closed ! <\n>,CHECK	,
OK,6096,Value Interlock: MFC16's Valve Open Interlock !,MFC16's all valve will be closed ! <\n>,CHECK	,
OK,6097,Value Interlock: MFC17's Valve Open Interlock !,MFC17's all valve will be closed ! <\n>,CHECK	,
OK,6101,Gas Box Door Not Closed - Interlock: MFC1's Valve Open Interlock !,MFC1's all valve will be closed ! <\n>,CHECK	,
OK,6102,Gas Box Door Not Closed - Interlock: MFC2's Valve Open Interlock !,MFC2's all valve will be closed ! <\n>,CHECK	,
OK,6103,Gas Box Door Not Closed - Interlock: MFC3's Valve Open Interlock !,MFC3's all valve will be closed ! <\n>,CHECK	,
OK,6104,Gas Box Door Not Closed - Interlock: MFC4's Valve Open Interlock !,MFC4's all valve will be closed ! <\n>,CHECK	,
OK,6105,Gas Box Door Not Closed - Interlock: MFC5's Valve Open Interlock !,MFC5's all valve will be closed ! <\n>,CHECK	,
OK,6106,Gas Box Door Not Closed - Interlock: MFC6's Valve Open Interlock !,MFC6's all valve will be closed ! <\n>,CHECK	,
OK,6107,Gas Box Door Not Closed - Interlock: MFC7's Valve Open Interlock !,MFC7's all valve will be closed ! <\n>,CHECK	,
OK,6108,Gas Box Door Not Closed - Interlock: MFC8's Valve Open Interlock !,MFC8's all valve will be closed ! <\n>,CHECK	,
OK,6109,Gas Box Door Not Closed - Interlock: MFC9's Valve Open Interlock !,MFC9's all valve will be closed ! <\n>,CHECK	,
OK,6110,Gas Box Door Not Closed - Interlock: MFC10's Valve Open Interlock !,MFC10's all valve will be closed ! <\n>,CHECK	,
OK,6111,Gas Box Door Not Closed - Interlock: MFC11's Valve Open Interlock !,MFC11's all valve will be closed ! <\n>,CHECK	,
OK,6112,Gas Box Door Not Closed - Interlock: MFC12's Valve Open Interlock !,MFC12's all valve will be closed ! <\n>,CHECK	,
OK,6113,Gas Box Door Not Closed - Interlock: MFC13's Valve Open Interlock !,MFC13's all valve will be closed ! <\n>,CHECK	,
OK,6114,Gas Box Door Not Closed - Interlock: MFC14's Valve Open Interlock !,MFC14's all valve will be closed ! <\n>,CHECK	,
OK,6115,Gas Box Door Not Closed - Interlock: MFC15's Valve Open Interlock !,MFC15's all valve will be closed ! <\n>,CHECK	,
OK,6116,Gas Box Door Not Closed - Interlock: MFC16's Valve Open Interlock !,MFC16's all valve will be closed ! <\n>,CHECK	,
OK,6117,Gas Box Door Not Closed - Interlock: MFC17's Valve Open Interlock !,MFC17's all valve will be closed ! <\n>,CHECK	,

OBJECT_NAME : __SYS,
OK,0,__SYS - SYSTEM ERROR,,CHECK	,
OK,11,__SYS - System Error 11 - Dll Title,System Error 11 - Dll Message,CHECK	,
OK,13,__SYS - Alarm Clear Test !,,CHECK	,
OK,12,__SYS - SYSTEM WARNING 12,,CHECK	,
OK,21,__SYS - System Error : Async Timer Max Error,,CHECK	,
OK,31,__SYS -  AlarmID(1),AlarmID(1)'s message ...,ABORT	RETRY	ACT.1	,
OK,32,__SYS -  AlarmID(2),AlarmID(2)'s message ...,ABORT	RETRY	ACT.2	,
OK,33,__SYS -  AlarmID(3),AlarmID(3)'s message ...,ABORT	RETRY	ACT.3	,
OK,34,__SYS -  AlarmID(4),AlarmID(4)'s message ...,ABORT	RETRY	ACT.4	,
OK,35,__SYS -  AlarmID(5),AlarmID(5)'s message ...,ABORT	RETRY	ACT.5	,

OBJECT_NAME : DI_CHM,
OK,1,DI_CHM - Heavy Interlock Sensor Active !,Interlock Sensor 상태를 확인 바랍니다.<\n>,CHECK	,
OK,21,DI_CHM - Light Interlock Sensor Active !,Interlock Sensor 상태를 확인 바랍니다.<\n>,CHECK	,
OK,2,DI_CHM - Heavy Interlock Sensor Active !,Interlock Sensor 상태를 확인 바랍니다.<\n>,CHECK	,
OK,22,DI_CHM - Light Interlock Sensor Active !,Interlock Sensor 상태를 확인 바랍니다.<\n>,CHECK	,
OK,3,DI_CHM - Heavy Interlock Sensor Active !,Interlock Sensor 상태를 확인 바랍니다.<\n>,CHECK	,
OK,23,DI_CHM - Light Interlock Sensor Active !,Interlock Sensor 상태를 확인 바랍니다.<\n>,CHECK	,
OK,4,DI_CHM - Heavy Interlock Sensor Active !,Interlock Sensor 상태를 확인 바랍니다.<\n>,CHECK	,
OK,24,DI_CHM - Light Interlock Sensor Active !,Interlock Sensor 상태를 확인 바랍니다.<\n>,CHECK	,
OK,5,DI_CHM - Heavy Interlock Sensor Active !,Interlock Sensor 상태를 확인 바랍니다.<\n>,CHECK	,
OK,25,DI_CHM - Light Interlock Sensor Active !,Interlock Sensor 상태를 확인 바랍니다.<\n>,CHECK	,
OK,6,DI_CHM - Heavy Interlock Sensor Active !,Interlock Sensor 상태를 확인 바랍니다.<\n>,CHECK	,
OK,26,DI_CHM - Light Interlock Sensor Active !,Interlock Sensor 상태를 확인 바랍니다.<\n>,CHECK	,
OK,7,DI_CHM - Heavy Interlock Sensor Active !,Interlock Sensor 상태를 확인 바랍니다.<\n>,CHECK	,
OK,27,DI_CHM - Light Interlock Sensor Active !,Interlock Sensor 상태를 확인 바랍니다.<\n>,CHECK	,
OK,8,DI_CHM - Heavy Interlock Sensor Active !,Interlock Sensor 상태를 확인 바랍니다.<\n>,CHECK	,
OK,28,DI_CHM - Light Interlock Sensor Active !,Interlock Sensor 상태를 확인 바랍니다.<\n>,CHECK	,
OK,9,DI_CHM - Heavy Interlock Sensor Active !,Interlock Sensor 상태를 확인 바랍니다.<\n>,CHECK	,
OK,29,DI_CHM - Light Interlock Sensor Active !,Interlock Sensor 상태를 확인 바랍니다.<\n>,CHECK	,
OK,10,DI_CHM - Heavy Interlock Sensor Active !,Interlock Sensor 상태를 확인 바랍니다.<\n>,CHECK	,
OK,30,DI_CHM - Light Interlock Sensor Active !,Interlock Sensor 상태를 확인 바랍니다.<\n>,CHECK	,
OK,11,DI_CHM - Heavy Interlock Sensor Active !,Interlock Sensor 상태를 확인 바랍니다.<\n>,CHECK	,
OK,31,DI_CHM - Light Interlock Sensor Active !,Interlock Sensor 상태를 확인 바랍니다.<\n>,CHECK	,
OK,12,DI_CHM - Heavy Interlock Sensor Active !,Interlock Sensor 상태를 확인 바랍니다.<\n>,CHECK	,
OK,32,DI_CHM - Light Interlock Sensor Active !,Interlock Sensor 상태를 확인 바랍니다.<\n>,CHECK	,
OK,13,DI_CHM - Heavy Interlock Sensor Active !,Interlock Sensor 상태를 확인 바랍니다.<\n>,CHECK	,
OK,33,DI_CHM - Light Interlock Sensor Active !,Interlock Sensor 상태를 확인 바랍니다.<\n>,CHECK	,
OK,14,DI_CHM - Heavy Interlock Sensor Active !,Interlock Sensor 상태를 확인 바랍니다.<\n>,CHECK	,
OK,34,DI_CHM - Light Interlock Sensor Active !,Interlock Sensor 상태를 확인 바랍니다.<\n>,CHECK	,
OK,15,DI_CHM - Heavy Interlock Sensor Active !,Interlock Sensor 상태를 확인 바랍니다.<\n>,CHECK	,
OK,35,DI_CHM - Light Interlock Sensor Active !,Interlock Sensor 상태를 확인 바랍니다.<\n>,CHECK	,
OK,16,DI_CHM - Heavy Interlock Sensor Active !,Interlock Sensor 상태를 확인 바랍니다.<\n>,CHECK	,
OK,36,DI_CHM - Light Interlock Sensor Active !,Interlock Sensor 상태를 확인 바랍니다.<\n>,CHECK	,
OK,17,DI_CHM - Heavy Interlock Sensor Active !,Interlock Sensor 상태를 확인 바랍니다.<\n>,CHECK	,
OK,37,DI_CHM - Light Interlock Sensor Active !,Interlock Sensor 상태를 확인 바랍니다.<\n>,CHECK	,
OK,18,DI_CHM - Heavy Interlock Sensor Active !,Interlock Sensor 상태를 확인 바랍니다.<\n>,CHECK	,
OK,38,DI_CHM - Light Interlock Sensor Active !,Interlock Sensor 상태를 확인 바랍니다.<\n>,CHECK	,
OK,19,DI_CHM - Heavy Interlock Sensor Active !,Interlock Sensor 상태를 확인 바랍니다.<\n>,CHECK	,
OK,39,DI_CHM - Light Interlock Sensor Active !,Interlock Sensor 상태를 확인 바랍니다.<\n>,CHECK	,
OK,20,DI_CHM - Heavy Interlock Sensor Active !,Interlock Sensor 상태를 확인 바랍니다.<\n>,CHECK	,
OK,40,DI_CHM - Light Interlock Sensor Active !,Interlock Sensor 상태를 확인 바랍니다.<\n>,CHECK	,

OBJECT_NAME : DI_GAS_BOX,
OK,1,DI_GAS_BOX - Heavy Interlock Sensor Active !,Interlock Sensor 상태를 확인 바랍니다.<\n>,CHECK	,
OK,21,DI_GAS_BOX - Light Interlock Sensor Active !,Interlock Sensor 상태를 확인 바랍니다.<\n>,CHECK	,
OK,2,DI_GAS_BOX - Heavy Interlock Sensor Active !,Interlock Sensor 상태를 확인 바랍니다.<\n>,CHECK	,
OK,22,DI_GAS_BOX - Light Interlock Sensor Active !,Interlock Sensor 상태를 확인 바랍니다.<\n>,CHECK	,
OK,3,DI_GAS_BOX - Heavy Interlock Sensor Active !,Interlock Sensor 상태를 확인 바랍니다.<\n>,CHECK	,
OK,23,DI_GAS_BOX - Light Interlock Sensor Active !,Interlock Sensor 상태를 확인 바랍니다.<\n>,CHECK	,
OK,4,DI_GAS_BOX - Heavy Interlock Sensor Active !,Interlock Sensor 상태를 확인 바랍니다.<\n>,CHECK	,
OK,24,DI_GAS_BOX - Light Interlock Sensor Active !,Interlock Sensor 상태를 확인 바랍니다.<\n>,CHECK	,
OK,5,DI_GAS_BOX - Heavy Interlock Sensor Active !,Interlock Sensor 상태를 확인 바랍니다.<\n>,CHECK	,
OK,25,DI_GAS_BOX - Light Interlock Sensor Active !,Interlock Sensor 상태를 확인 바랍니다.<\n>,CHECK	,
OK,6,DI_GAS_BOX - Heavy Interlock Sensor Active !,Interlock Sensor 상태를 확인 바랍니다.<\n>,CHECK	,
OK,26,DI_GAS_BOX - Light Interlock Sensor Active !,Interlock Sensor 상태를 확인 바랍니다.<\n>,CHECK	,
OK,7,DI_GAS_BOX - Heavy Interlock Sensor Active !,Interlock Sensor 상태를 확인 바랍니다.<\n>,CHECK	,
OK,27,DI_GAS_BOX - Light Interlock Sensor Active !,Interlock Sensor 상태를 확인 바랍니다.<\n>,CHECK	,
OK,8,DI_GAS_BOX - Heavy Interlock Sensor Active !,Interlock Sensor 상태를 확인 바랍니다.<\n>,CHECK	,
OK,28,DI_GAS_BOX - Light Interlock Sensor Active !,Interlock Sensor 상태를 확인 바랍니다.<\n>,CHECK	,
OK,9,DI_GAS_BOX - Heavy Interlock Sensor Active !,Interlock Sensor 상태를 확인 바랍니다.<\n>,CHECK	,
OK,29,DI_GAS_BOX - Light Interlock Sensor Active !,Interlock Sensor 상태를 확인 바랍니다.<\n>,CHECK	,
OK,10,DI_GAS_BOX - Heavy Interlock Sensor Active !,Interlock Sensor 상태를 확인 바랍니다.<\n>,CHECK	,
OK,30,DI_GAS_BOX - Light Interlock Sensor Active !,Interlock Sensor 상태를 확인 바랍니다.<\n>,CHECK	,
OK,11,DI_GAS_BOX - Heavy Interlock Sensor Active !,Interlock Sensor 상태를 확인 바랍니다.<\n>,CHECK	,
OK,31,DI_GAS_BOX - Light Interlock Sensor Active !,Interlock Sensor 상태를 확인 바랍니다.<\n>,CHECK	,
OK,12,DI_GAS_BOX - Heavy Interlock Sensor Active !,Interlock Sensor 상태를 확인 바랍니다.<\n>,CHECK	,
OK,32,DI_GAS_BOX - Light Interlock Sensor Active !,Interlock Sensor 상태를 확인 바랍니다.<\n>,CHECK	,
OK,13,DI_GAS_BOX - Heavy Interlock Sensor Active !,Interlock Sensor 상태를 확인 바랍니다.<\n>,CHECK	,
OK,33,DI_GAS_BOX - Light Interlock Sensor Active !,Interlock Sensor 상태를 확인 바랍니다.<\n>,CHECK	,
OK,14,DI_GAS_BOX - Heavy Interlock Sensor Active !,Interlock Sensor 상태를 확인 바랍니다.<\n>,CHECK	,
OK,34,DI_GAS_BOX - Light Interlock Sensor Active !,Interlock Sensor 상태를 확인 바랍니다.<\n>,CHECK	,
OK,15,DI_GAS_BOX - Heavy Interlock Sensor Active !,Interlock Sensor 상태를 확인 바랍니다.<\n>,CHECK	,
OK,35,DI_GAS_BOX - Light Interlock Sensor Active !,Interlock Sensor 상태를 확인 바랍니다.<\n>,CHECK	,
OK,16,DI_GAS_BOX - Heavy Interlock Sensor Active !,Interlock Sensor 상태를 확인 바랍니다.<\n>,CHECK	,
OK,36,DI_GAS_BOX - Light Interlock Sensor Active !,Interlock Sensor 상태를 확인 바랍니다.<\n>,CHECK	,
OK,17,DI_GAS_BOX - Heavy Interlock Sensor Active !,Interlock Sensor 상태를 확인 바랍니다.<\n>,CHECK	,
OK,37,DI_GAS_BOX - Light Interlock Sensor Active !,Interlock Sensor 상태를 확인 바랍니다.<\n>,CHECK	,
OK,18,DI_GAS_BOX - Heavy Interlock Sensor Active !,Interlock Sensor 상태를 확인 바랍니다.<\n>,CHECK	,
OK,38,DI_GAS_BOX - Light Interlock Sensor Active !,Interlock Sensor 상태를 확인 바랍니다.<\n>,CHECK	,
OK,19,DI_GAS_BOX - Heavy Interlock Sensor Active !,Interlock Sensor 상태를 확인 바랍니다.<\n>,CHECK	,
OK,39,DI_GAS_BOX - Light Interlock Sensor Active !,Interlock Sensor 상태를 확인 바랍니다.<\n>,CHECK	,
OK,20,DI_GAS_BOX - Heavy Interlock Sensor Active !,Interlock Sensor 상태를 확인 바랍니다.<\n>,CHECK	,
OK,40,DI_GAS_BOX - Light Interlock Sensor Active !,Interlock Sensor 상태를 확인 바랍니다.<\n>,CHECK	,

OBJECT_NAME : DI_RF_SYS,
OK,1,DI_RF_SYS - Heavy Interlock Sensor Active !,Interlock Sensor 상태를 확인 바랍니다.<\n>,CHECK	,
OK,21,DI_RF_SYS - Light Interlock Sensor Active !,Interlock Sensor 상태를 확인 바랍니다.<\n>,CHECK	,
OK,2,DI_RF_SYS - Heavy Interlock Sensor Active !,Interlock Sensor 상태를 확인 바랍니다.<\n>,CHECK	,
OK,22,DI_RF_SYS - Light Interlock Sensor Active !,Interlock Sensor 상태를 확인 바랍니다.<\n>,CHECK	,
OK,3,DI_RF_SYS - Heavy Interlock Sensor Active !,Interlock Sensor 상태를 확인 바랍니다.<\n>,CHECK	,
OK,23,DI_RF_SYS - Light Interlock Sensor Active !,Interlock Sensor 상태를 확인 바랍니다.<\n>,CHECK	,
OK,4,DI_RF_SYS - Heavy Interlock Sensor Active !,Interlock Sensor 상태를 확인 바랍니다.<\n>,CHECK	,
OK,24,DI_RF_SYS - Light Interlock Sensor Active !,Interlock Sensor 상태를 확인 바랍니다.<\n>,CHECK	,
OK,5,DI_RF_SYS - Heavy Interlock Sensor Active !,Interlock Sensor 상태를 확인 바랍니다.<\n>,CHECK	,
OK,25,DI_RF_SYS - Light Interlock Sensor Active !,Interlock Sensor 상태를 확인 바랍니다.<\n>,CHECK	,
OK,6,DI_RF_SYS - Heavy Interlock Sensor Active !,Interlock Sensor 상태를 확인 바랍니다.<\n>,CHECK	,
OK,26,DI_RF_SYS - Light Interlock Sensor Active !,Interlock Sensor 상태를 확인 바랍니다.<\n>,CHECK	,
OK,7,DI_RF_SYS - Heavy Interlock Sensor Active !,Interlock Sensor 상태를 확인 바랍니다.<\n>,CHECK	,
OK,27,DI_RF_SYS - Light Interlock Sensor Active !,Interlock Sensor 상태를 확인 바랍니다.<\n>,CHECK	,
OK,8,DI_RF_SYS - Heavy Interlock Sensor Active !,Interlock Sensor 상태를 확인 바랍니다.<\n>,CHECK	,
OK,28,DI_RF_SYS - Light Interlock Sensor Active !,Interlock Sensor 상태를 확인 바랍니다.<\n>,CHECK	,
OK,9,DI_RF_SYS - Heavy Interlock Sensor Active !,Interlock Sensor 상태를 확인 바랍니다.<\n>,CHECK	,
OK,29,DI_RF_SYS - Light Interlock Sensor Active !,Interlock Sensor 상태를 확인 바랍니다.<\n>,CHECK	,
OK,10,DI_RF_SYS - Heavy Interlock Sensor Active !,Interlock Sensor 상태를 확인 바랍니다.<\n>,CHECK	,
OK,30,DI_RF_SYS - Light Interlock Sensor Active !,Interlock Sensor 상태를 확인 바랍니다.<\n>,CHECK	,
OK,11,DI_RF_SYS - Heavy Interlock Sensor Active !,Interlock Sensor 상태를 확인 바랍니다.<\n>,CHECK	,
OK,31,DI_RF_SYS - Light Interlock Sensor Active !,Interlock Sensor 상태를 확인 바랍니다.<\n>,CHECK	,
OK,12,DI_RF_SYS - Heavy Interlock Sensor Active !,Interlock Sensor 상태를 확인 바랍니다.<\n>,CHECK	,
OK,32,DI_RF_SYS - Light Interlock Sensor Active !,Interlock Sensor 상태를 확인 바랍니다.<\n>,CHECK	,
OK,13,DI_RF_SYS - Heavy Interlock Sensor Active !,Interlock Sensor 상태를 확인 바랍니다.<\n>,CHECK	,
OK,33,DI_RF_SYS - Light Interlock Sensor Active !,Interlock Sensor 상태를 확인 바랍니다.<\n>,CHECK	,
OK,14,DI_RF_SYS - Heavy Interlock Sensor Active !,Interlock Sensor 상태를 확인 바랍니다.<\n>,CHECK	,
OK,34,DI_RF_SYS - Light Interlock Sensor Active !,Interlock Sensor 상태를 확인 바랍니다.<\n>,CHECK	,
OK,15,DI_RF_SYS - Heavy Interlock Sensor Active !,Interlock Sensor 상태를 확인 바랍니다.<\n>,CHECK	,
OK,35,DI_RF_SYS - Light Interlock Sensor Active !,Interlock Sensor 상태를 확인 바랍니다.<\n>,CHECK	,
OK,16,DI_RF_SYS - Heavy Interlock Sensor Active !,Interlock Sensor 상태를 확인 바랍니다.<\n>,CHECK	,
OK,36,DI_RF_SYS - Light Interlock Sensor Active !,Interlock Sensor 상태를 확인 바랍니다.<\n>,CHECK	,
OK,17,DI_RF_SYS - Heavy Interlock Sensor Active !,Interlock Sensor 상태를 확인 바랍니다.<\n>,CHECK	,
OK,37,DI_RF_SYS - Light Interlock Sensor Active !,Interlock Sensor 상태를 확인 바랍니다.<\n>,CHECK	,
OK,18,DI_RF_SYS - Heavy Interlock Sensor Active !,Interlock Sensor 상태를 확인 바랍니다.<\n>,CHECK	,
OK,38,DI_RF_SYS - Light Interlock Sensor Active !,Interlock Sensor 상태를 확인 바랍니다.<\n>,CHECK	,
OK,19,DI_RF_SYS - Heavy Interlock Sensor Active !,Interlock Sensor 상태를 확인 바랍니다.<\n>,CHECK	,
OK,39,DI_RF_SYS - Light Interlock Sensor Active !,Interlock Sensor 상태를 확인 바랍니다.<\n>,CHECK	,
OK,20,DI_RF_SYS - Heavy Interlock Sensor Active !,Interlock Sensor 상태를 확인 바랍니다.<\n>,CHECK	,
OK,40,DI_RF_SYS - Light Interlock Sensor Active !,Interlock Sensor 상태를 확인 바랍니다.<\n>,CHECK	,

OBJECT_NAME : FNC_TRANSFER,
OK,1,FNC_TRANSFER - RF POWER STATUS ALARM,RF Power Status Error.,RETRY	ABORT	,
OK,2,FNC_TRANSFER - ESC POWER STATUS ALARM,ESC Power Status Error.<\n>Please Check ESC Power Status.,RETRY	ABORT	,

OBJECT_NAME : MNG_GAUGE_CHECK,
OK,1,MNG_GAUGE_CHECK - OBJECT MODE : UNKNOWN,,ABORT	,
OK,2,MNG_GAUGE_CHECK - APC Conductance : Utility Program Can't run !,,CHECK	,
OK,3,MNG_GAUGE_CHECK - APC Conductance : Range Error !,,CHECK	,

OBJECT_NAME : PHY_HTR_CHUCK,
OK,1,PHY_HTR_CHUCK : Loop1 Warning !,Please	 check the state of loop ! <\n>,CLEAR	,
OK,11,PHY_HTR_CHUCK : Loop1 Fault !,Please	 check the state of loop ! <\n>,CLEAR	,
OK,2,PHY_HTR_CHUCK : Loop2 Warning !,Please	 check the state of loop ! <\n>,CLEAR	,
OK,12,PHY_HTR_CHUCK : Loop2 Fault !,Please	 check the state of loop ! <\n>,CLEAR	,
OK,3,PHY_HTR_CHUCK : Loop3 Warning !,Please	 check the state of loop ! <\n>,CLEAR	,
OK,13,PHY_HTR_CHUCK : Loop3 Fault !,Please	 check the state of loop ! <\n>,CLEAR	,
OK,4,PHY_HTR_CHUCK : Loop4 Warning !,Please	 check the state of loop ! <\n>,CLEAR	,
OK,14,PHY_HTR_CHUCK : Loop4 Fault !,Please	 check the state of loop ! <\n>,CLEAR	,
OK,5,PHY_HTR_CHUCK : Loop5 Warning !,Please	 check the state of loop ! <\n>,CLEAR	,
OK,15,PHY_HTR_CHUCK : Loop5 Fault !,Please	 check the state of loop ! <\n>,CLEAR	,
OK,6,PHY_HTR_CHUCK : Loop6 Warning !,Please	 check the state of loop ! <\n>,CLEAR	,
OK,16,PHY_HTR_CHUCK : Loop6 Fault !,Please	 check the state of loop ! <\n>,CLEAR	,
OK,7,PHY_HTR_CHUCK : Loop7 Warning !,Please	 check the state of loop ! <\n>,CLEAR	,
OK,17,PHY_HTR_CHUCK : Loop7 Fault !,Please	 check the state of loop ! <\n>,CLEAR	,
OK,8,PHY_HTR_CHUCK : Loop8 Warning !,Please	 check the state of loop ! <\n>,CLEAR	,
OK,18,PHY_HTR_CHUCK : Loop8 Fault !,Please	 check the state of loop ! <\n>,CLEAR	,
OK,21,PHY_HTR_CHUCK : Max. Diff Temperature Error !,온도차를 확인 바랍니다. <\n>,CLEAR	,
OK,22,PHY_HTR_CHUCK : Temperature High Limit !,온도를 확인 바랍니다. <\n>,CLEAR	,
OK,23,PHY_HTR_CHUCK : Output-Power High Limit !,Working Power를 확인 바랍니다. <\n>,CLEAR	,
OK,24,PHY_HTR_CHUCK : Initial-Heating Timeout Occurred !,온도를 확인 바랍니다. <\n>,CLEAR	,
OK,25,PHY_HTR_CHUCK : Heating Timeout Occurred !,온도를 확인 바랍니다. <\n>,CLEAR	,
OK,26,PHY_HTR_CHUCK : Max. Deviation Occurred !,온도를 확인 바랍니다. <\n>,CLEAR	,
OK,31,PHY_HTR_CHUCK : H/W Alarm Occurred (Bit : 00) !,H/W Alarm(Bit : 00)이 발생 했습니다. <\n>,CLEAR	,
OK,32,PHY_HTR_CHUCK : H/W Alarm Occurred (Bit : 01) !,H/W Alarm(Bit : 01)이 발생 했습니다. <\n>,CLEAR	,
OK,33,PHY_HTR_CHUCK : H/W Alarm Occurred (Bit : 02) !,H/W Alarm(Bit : 02)이 발생 했습니다. <\n>,CLEAR	,
OK,34,PHY_HTR_CHUCK : H/W Alarm Occurred (Bit : 03) !,H/W Alarm(Bit : 03)이 발생 했습니다. <\n>,CLEAR	,
OK,35,PHY_HTR_CHUCK : H/W Alarm Occurred (Bit : 04) !,H/W Alarm(Bit : 04)이 발생 했습니다. <\n>,CLEAR	,
OK,36,PHY_HTR_CHUCK : H/W Alarm Occurred (Bit : 05) !,H/W Alarm(Bit : 05)이 발생 했습니다. <\n>,CLEAR	,
OK,37,PHY_HTR_CHUCK : H/W Alarm Occurred (Bit : 06) !,H/W Alarm(Bit : 06)이 발생 했습니다. <\n>,CLEAR	,

OBJECT_NAME : PHY_HTR_EXH,
OK,1,PHY_HTR_EXH : Loop1 Warning !,Please	 check the state of loop ! <\n>,CLEAR	,
OK,11,PHY_HTR_EXH : Loop1 Fault !,Please	 check the state of loop ! <\n>,CLEAR	,
OK,2,PHY_HTR_EXH : Loop2 Warning !,Please	 check the state of loop ! <\n>,CLEAR	,
OK,12,PHY_HTR_EXH : Loop2 Fault !,Please	 check the state of loop ! <\n>,CLEAR	,
OK,3,PHY_HTR_EXH : Loop3 Warning !,Please	 check the state of loop ! <\n>,CLEAR	,
OK,13,PHY_HTR_EXH : Loop3 Fault !,Please	 check the state of loop ! <\n>,CLEAR	,
OK,4,PHY_HTR_EXH : Loop4 Warning !,Please	 check the state of loop ! <\n>,CLEAR	,
OK,14,PHY_HTR_EXH : Loop4 Fault !,Please	 check the state of loop ! <\n>,CLEAR	,
OK,5,PHY_HTR_EXH : Loop5 Warning !,Please	 check the state of loop ! <\n>,CLEAR	,
OK,15,PHY_HTR_EXH : Loop5 Fault !,Please	 check the state of loop ! <\n>,CLEAR	,
OK,6,PHY_HTR_EXH : Loop6 Warning !,Please	 check the state of loop ! <\n>,CLEAR	,
OK,16,PHY_HTR_EXH : Loop6 Fault !,Please	 check the state of loop ! <\n>,CLEAR	,
OK,7,PHY_HTR_EXH : Loop7 Warning !,Please	 check the state of loop ! <\n>,CLEAR	,
OK,17,PHY_HTR_EXH : Loop7 Fault !,Please	 check the state of loop ! <\n>,CLEAR	,
OK,8,PHY_HTR_EXH : Loop8 Warning !,Please	 check the state of loop ! <\n>,CLEAR	,
OK,18,PHY_HTR_EXH : Loop8 Fault !,Please	 check the state of loop ! <\n>,CLEAR	,
OK,21,PHY_HTR_EXH : Max. Diff Temperature Error !,온도차를 확인 바랍니다. <\n>,CLEAR	,
OK,22,PHY_HTR_EXH : Temperature High Limit !,온도를 확인 바랍니다. <\n>,CLEAR	,
OK,23,PHY_HTR_EXH : Output-Power High Limit !,Working Power를 확인 바랍니다. <\n>,CLEAR	,
OK,24,PHY_HTR_EXH : Initial-Heating Timeout Occurred !,온도를 확인 바랍니다. <\n>,CLEAR	,
OK,25,PHY_HTR_EXH : Heating Timeout Occurred !,온도를 확인 바랍니다. <\n>,CLEAR	,
OK,26,PHY_HTR_EXH : Max. Deviation Occurred !,온도를 확인 바랍니다. <\n>,CLEAR	,
OK,31,PHY_HTR_EXH : H/W Alarm Occurred (Bit : 00) !,H/W Alarm(Bit : 00)이 발생 했습니다. <\n>,CLEAR	,
OK,32,PHY_HTR_EXH : H/W Alarm Occurred (Bit : 01) !,H/W Alarm(Bit : 01)이 발생 했습니다. <\n>,CLEAR	,
OK,33,PHY_HTR_EXH : H/W Alarm Occurred (Bit : 02) !,H/W Alarm(Bit : 02)이 발생 했습니다. <\n>,CLEAR	,
OK,34,PHY_HTR_EXH : H/W Alarm Occurred (Bit : 03) !,H/W Alarm(Bit : 03)이 발생 했습니다. <\n>,CLEAR	,
OK,35,PHY_HTR_EXH : H/W Alarm Occurred (Bit : 04) !,H/W Alarm(Bit : 04)이 발생 했습니다. <\n>,CLEAR	,
OK,36,PHY_HTR_EXH : H/W Alarm Occurred (Bit : 05) !,H/W Alarm(Bit : 05)이 발생 했습니다. <\n>,CLEAR	,
OK,37,PHY_HTR_EXH : H/W Alarm Occurred (Bit : 06) !,H/W Alarm(Bit : 06)이 발생 했습니다. <\n>,CLEAR	,

OBJECT_NAME : PHY_HTR_VAC,
OK,1,PHY_HTR_VAC : Loop1 Warning !,Please	 check the state of loop ! <\n>,CLEAR	,
OK,11,PHY_HTR_VAC : Loop1 Fault !,Please	 check the state of loop ! <\n>,CLEAR	,
OK,2,PHY_HTR_VAC : Loop2 Warning !,Please	 check the state of loop ! <\n>,CLEAR	,
OK,12,PHY_HTR_VAC : Loop2 Fault !,Please	 check the state of loop ! <\n>,CLEAR	,
OK,3,PHY_HTR_VAC : Loop3 Warning !,Please	 check the state of loop ! <\n>,CLEAR	,
OK,13,PHY_HTR_VAC : Loop3 Fault !,Please	 check the state of loop ! <\n>,CLEAR	,
OK,4,PHY_HTR_VAC : Loop4 Warning !,Please	 check the state of loop ! <\n>,CLEAR	,
OK,14,PHY_HTR_VAC : Loop4 Fault !,Please	 check the state of loop ! <\n>,CLEAR	,
OK,5,PHY_HTR_VAC : Loop5 Warning !,Please	 check the state of loop ! <\n>,CLEAR	,
OK,15,PHY_HTR_VAC : Loop5 Fault !,Please	 check the state of loop ! <\n>,CLEAR	,
OK,6,PHY_HTR_VAC : Loop6 Warning !,Please	 check the state of loop ! <\n>,CLEAR	,
OK,16,PHY_HTR_VAC : Loop6 Fault !,Please	 check the state of loop ! <\n>,CLEAR	,
OK,7,PHY_HTR_VAC : Loop7 Warning !,Please	 check the state of loop ! <\n>,CLEAR	,
OK,17,PHY_HTR_VAC : Loop7 Fault !,Please	 check the state of loop ! <\n>,CLEAR	,
OK,8,PHY_HTR_VAC : Loop8 Warning !,Please	 check the state of loop ! <\n>,CLEAR	,
OK,18,PHY_HTR_VAC : Loop8 Fault !,Please	 check the state of loop ! <\n>,CLEAR	,
OK,21,PHY_HTR_VAC : Max. Diff Temperature Error !,온도차를 확인 바랍니다. <\n>,CLEAR	,
OK,22,PHY_HTR_VAC : Temperature High Limit !,온도를 확인 바랍니다. <\n>,CLEAR	,
OK,23,PHY_HTR_VAC : Output-Power High Limit !,Working Power를 확인 바랍니다. <\n>,CLEAR	,
OK,24,PHY_HTR_VAC : Initial-Heating Timeout Occurred !,온도를 확인 바랍니다. <\n>,CLEAR	,
OK,25,PHY_HTR_VAC : Heating Timeout Occurred !,온도를 확인 바랍니다. <\n>,CLEAR	,
OK,26,PHY_HTR_VAC : Max. Deviation Occurred !,온도를 확인 바랍니다. <\n>,CLEAR	,
OK,31,PHY_HTR_VAC : H/W Alarm Occurred (Bit : 00) !,H/W Alarm(Bit : 00)이 발생 했습니다. <\n>,CLEAR	,
OK,32,PHY_HTR_VAC : H/W Alarm Occurred (Bit : 01) !,H/W Alarm(Bit : 01)이 발생 했습니다. <\n>,CLEAR	,
OK,33,PHY_HTR_VAC : H/W Alarm Occurred (Bit : 02) !,H/W Alarm(Bit : 02)이 발생 했습니다. <\n>,CLEAR	,
OK,34,PHY_HTR_VAC : H/W Alarm Occurred (Bit : 03) !,H/W Alarm(Bit : 03)이 발생 했습니다. <\n>,CLEAR	,
OK,35,PHY_HTR_VAC : H/W Alarm Occurred (Bit : 04) !,H/W Alarm(Bit : 04)이 발생 했습니다. <\n>,CLEAR	,
OK,36,PHY_HTR_VAC : H/W Alarm Occurred (Bit : 05) !,H/W Alarm(Bit : 05)이 발생 했습니다. <\n>,CLEAR	,
OK,37,PHY_HTR_VAC : H/W Alarm Occurred (Bit : 06) !,H/W Alarm(Bit : 06)이 발생 했습니다. <\n>,CLEAR	,

OBJECT_NAME : PHY_HTR_WALL,
OK,1,PHY_HTR_WALL : Loop1 Warning !,Please	 check the state of loop ! <\n>,CLEAR	,
OK,11,PHY_HTR_WALL : Loop1 Fault !,Please	 check the state of loop ! <\n>,CLEAR	,
OK,2,PHY_HTR_WALL : Loop2 Warning !,Please	 check the state of loop ! <\n>,CLEAR	,
OK,12,PHY_HTR_WALL : Loop2 Fault !,Please	 check the state of loop ! <\n>,CLEAR	,
OK,3,PHY_HTR_WALL : Loop3 Warning !,Please	 check the state of loop ! <\n>,CLEAR	,
OK,13,PHY_HTR_WALL : Loop3 Fault !,Please	 check the state of loop ! <\n>,CLEAR	,
OK,4,PHY_HTR_WALL : Loop4 Warning !,Please	 check the state of loop ! <\n>,CLEAR	,
OK,14,PHY_HTR_WALL : Loop4 Fault !,Please	 check the state of loop ! <\n>,CLEAR	,
OK,5,PHY_HTR_WALL : Loop5 Warning !,Please	 check the state of loop ! <\n>,CLEAR	,
OK,15,PHY_HTR_WALL : Loop5 Fault !,Please	 check the state of loop ! <\n>,CLEAR	,
OK,6,PHY_HTR_WALL : Loop6 Warning !,Please	 check the state of loop ! <\n>,CLEAR	,
OK,16,PHY_HTR_WALL : Loop6 Fault !,Please	 check the state of loop ! <\n>,CLEAR	,
OK,7,PHY_HTR_WALL : Loop7 Warning !,Please	 check the state of loop ! <\n>,CLEAR	,
OK,17,PHY_HTR_WALL : Loop7 Fault !,Please	 check the state of loop ! <\n>,CLEAR	,
OK,8,PHY_HTR_WALL : Loop8 Warning !,Please	 check the state of loop ! <\n>,CLEAR	,
OK,18,PHY_HTR_WALL : Loop8 Fault !,Please	 check the state of loop ! <\n>,CLEAR	,
OK,21,PHY_HTR_WALL : Max. Diff Temperature Error !,온도차를 확인 바랍니다. <\n>,CLEAR	,
OK,22,PHY_HTR_WALL : Temperature High Limit !,온도를 확인 바랍니다. <\n>,CLEAR	,
OK,23,PHY_HTR_WALL : Output-Power High Limit !,Working Power를 확인 바랍니다. <\n>,CLEAR	,
OK,24,PHY_HTR_WALL : Initial-Heating Timeout Occurred !,온도를 확인 바랍니다. <\n>,CLEAR	,
OK,25,PHY_HTR_WALL : Heating Timeout Occurred !,온도를 확인 바랍니다. <\n>,CLEAR	,
OK,26,PHY_HTR_WALL : Max. Deviation Occurred !,온도를 확인 바랍니다. <\n>,CLEAR	,
OK,31,PHY_HTR_WALL : H/W Alarm Occurred (Bit : 00) !,H/W Alarm(Bit : 00)이 발생 했습니다. <\n>,CLEAR	,
OK,32,PHY_HTR_WALL : H/W Alarm Occurred (Bit : 01) !,H/W Alarm(Bit : 01)이 발생 했습니다. <\n>,CLEAR	,
OK,33,PHY_HTR_WALL : H/W Alarm Occurred (Bit : 02) !,H/W Alarm(Bit : 02)이 발생 했습니다. <\n>,CLEAR	,
OK,34,PHY_HTR_WALL : H/W Alarm Occurred (Bit : 03) !,H/W Alarm(Bit : 03)이 발생 했습니다. <\n>,CLEAR	,
OK,35,PHY_HTR_WALL : H/W Alarm Occurred (Bit : 04) !,H/W Alarm(Bit : 04)이 발생 했습니다. <\n>,CLEAR	,
OK,36,PHY_HTR_WALL : H/W Alarm Occurred (Bit : 05) !,H/W Alarm(Bit : 05)이 발생 했습니다. <\n>,CLEAR	,
OK,37,PHY_HTR_WALL : H/W Alarm Occurred (Bit : 06) !,H/W Alarm(Bit : 06)이 발생 했습니다. <\n>,CLEAR	,

OBJECT_NAME : PHY_MFC8,
OK,2,PHY_MFC8 - In MFC config page	 MFC's use is selected to "YES".,Please	 check MFC's Use Option in the config page. <\n>,CHECK	,
OK,1,PHY_MFC8 - MFC Flow Control Aborted !.,MFC Control Error !.<\n>Please	 check H/W MFC controller.,CLEAR	,
OK,3,PHY_MFC8 - MFC Flow Control Warning Range Alarm.,MFC Flow Control was over the Warning Range..<\n>,CLEAR	,
OK,4,PHY_MFC8 - MFC Flow Control Abort Range Alarm.,Flow Control was over the Abort Range..<\n>For Safety	 MFC Flow Will be Stopped !!<\n>,CLEAR	,
OK,5,PHY_MFC8 - During Idle	 MFC Flow Control Warning Range Alarm.,Flow Control was over the Warning Range..<\n>,CLEAR	,
OK,6,PHY_MFC8 - During Idle	 MFC Flow Control Abort Range Alarm.,Flow Control was over the Abort Range..<\n>For Safety	 MFC Flow Will be Stopped !!<\n>,CLEAR	,

OBJECT_NAME : PHY_MFC9,
OK,2,PHY_MFC9 - In MFC config page	 MFC's use is selected to "YES".,Please	 check MFC's Use Option in the config page. <\n>,CHECK	,
OK,1,PHY_MFC9 - MFC Flow Control Aborted !.,MFC Control Error !.<\n>Please	 check H/W MFC controller.,CLEAR	,
OK,3,PHY_MFC9 - MFC Flow Control Warning Range Alarm.,MFC Flow Control was over the Warning Range..<\n>,CLEAR	,
OK,4,PHY_MFC9 - MFC Flow Control Abort Range Alarm.,Flow Control was over the Abort Range..<\n>For Safety	 MFC Flow Will be Stopped !!<\n>,CLEAR	,
OK,5,PHY_MFC9 - During Idle	 MFC Flow Control Warning Range Alarm.,Flow Control was over the Warning Range..<\n>,CLEAR	,
OK,6,PHY_MFC9 - During Idle	 MFC Flow Control Abort Range Alarm.,Flow Control was over the Abort Range..<\n>For Safety	 MFC Flow Will be Stopped !!<\n>,CLEAR	,

OBJECT_NAME : PHY_PM_SLOT,
OK,1,PHY_PM_SLOT - Slot.Door Open-Timeout !,PM Slot Door가 Open 되지 않았습니다.<\n>PM Slot 관련 Sensor를 확인 바랍니다.<\n>,RETRY	ABORT	,
OK,2,PHY_PM_SLOT - Slot.Door Close-Timeout !,PM Slot Door가 Close 되지 않았습니다.<\n>PM Slot 관련 Sensor를 확인 바랍니다.<\n>,RETRY	ABORT	,
OK,3,PHY_PM_SLOT - RF POWER STATUS ALARM,RF Power Status Error.,RETRY	ABORT	,

OBJECT_NAME : PHY_PT,
OK,1,PHY_PT - PT1 Threshold Warning.,PT was over threshold warning range. <\n>,CLEAR	,
OK,21,PHY_PT - PT1 Threshold Abort.,PT was over threshold abort range. <\n>,CLEAR	,
OK,2,PHY_PT - PT2 Threshold Warning.,PT was over threshold warning range. <\n>,CLEAR	,
OK,22,PHY_PT - PT2 Threshold Abort.,PT was over threshold abort range. <\n>,CLEAR	,
OK,3,PHY_PT - PT3 Threshold Warning.,PT was over threshold warning range. <\n>,CLEAR	,
OK,23,PHY_PT - PT3 Threshold Abort.,PT was over threshold abort range. <\n>,CLEAR	,
OK,4,PHY_PT - PT4 Threshold Warning.,PT was over threshold warning range. <\n>,CLEAR	,
OK,24,PHY_PT - PT4 Threshold Abort.,PT was over threshold abort range. <\n>,CLEAR	,
OK,5,PHY_PT - PT5 Threshold Warning.,PT was over threshold warning range. <\n>,CLEAR	,
OK,25,PHY_PT - PT5 Threshold Abort.,PT was over threshold abort range. <\n>,CLEAR	,
OK,6,PHY_PT - PT6 Threshold Warning.,PT was over threshold warning range. <\n>,CLEAR	,
OK,26,PHY_PT - PT6 Threshold Abort.,PT was over threshold abort range. <\n>,CLEAR	,
OK,7,PHY_PT - PT7 Threshold Warning.,PT was over threshold warning range. <\n>,CLEAR	,
OK,27,PHY_PT - PT7 Threshold Abort.,PT was over threshold abort range. <\n>,CLEAR	,
OK,8,PHY_PT - PT8 Threshold Warning.,PT was over threshold warning range. <\n>,CLEAR	,
OK,28,PHY_PT - PT8 Threshold Abort.,PT was over threshold abort range. <\n>,CLEAR	,
OK,9,PHY_PT - PT9 Threshold Warning.,PT was over threshold warning range. <\n>,CLEAR	,
OK,29,PHY_PT - PT9 Threshold Abort.,PT was over threshold abort range. <\n>,CLEAR	,
OK,10,PHY_PT - PT10 Threshold Warning.,PT was over threshold warning range. <\n>,CLEAR	,
OK,30,PHY_PT - PT10 Threshold Abort.,PT was over threshold abort range. <\n>,CLEAR	,
OK,11,PHY_PT - PT11 Threshold Warning.,PT was over threshold warning range. <\n>,CLEAR	,
OK,31,PHY_PT - PT11 Threshold Abort.,PT was over threshold abort range. <\n>,CLEAR	,
OK,12,PHY_PT - PT12 Threshold Warning.,PT was over threshold warning range. <\n>,CLEAR	,
OK,32,PHY_PT - PT12 Threshold Abort.,PT was over threshold abort range. <\n>,CLEAR	,
OK,13,PHY_PT - PT13 Threshold Warning.,PT was over threshold warning range. <\n>,CLEAR	,
OK,33,PHY_PT - PT13 Threshold Abort.,PT was over threshold abort range. <\n>,CLEAR	,
OK,14,PHY_PT - PT14 Threshold Warning.,PT was over threshold warning range. <\n>,CLEAR	,
OK,34,PHY_PT - PT14 Threshold Abort.,PT was over threshold abort range. <\n>,CLEAR	,
OK,15,PHY_PT - PT15 Threshold Warning.,PT was over threshold warning range. <\n>,CLEAR	,
OK,35,PHY_PT - PT15 Threshold Abort.,PT was over threshold abort range. <\n>,CLEAR	,
OK,16,PHY_PT - PT16 Threshold Warning.,PT was over threshold warning range. <\n>,CLEAR	,
OK,36,PHY_PT - PT16 Threshold Abort.,PT was over threshold abort range. <\n>,CLEAR	,
OK,17,PHY_PT - PT17 Threshold Warning.,PT was over threshold warning range. <\n>,CLEAR	,
OK,37,PHY_PT - PT17 Threshold Abort.,PT was over threshold abort range. <\n>,CLEAR	,
OK,18,PHY_PT - PT18 Threshold Warning.,PT was over threshold warning range. <\n>,CLEAR	,
OK,38,PHY_PT - PT18 Threshold Abort.,PT was over threshold abort range. <\n>,CLEAR	,
OK,19,PHY_PT - PT19 Threshold Warning.,PT was over threshold warning range. <\n>,CLEAR	,
OK,39,PHY_PT - PT19 Threshold Abort.,PT was over threshold abort range. <\n>,CLEAR	,
OK,20,PHY_PT - PT20 Threshold Warning.,PT was over threshold warning range. <\n>,CLEAR	,
OK,40,PHY_PT - PT20 Threshold Abort.,PT was over threshold abort range. <\n>,CLEAR	,

OBJECT_NAME : PHY_RF_BIAS,
OK,1,PHY_RF_BIAS : RF Generator Not Use !,RF Generator use option is not "YES". <\n>Please	 Check the config option of RF Generator !!<\n>,CHECK	,
OK,2,PHY_RF_BIAS :  RF SYSTEM - Control Aborted.,Please	 check RF Status.,CHECK	,
OK,3,PHY_RF_BIAS :  RF SYSTEM - FORWARD.POWER PROCESS WARNING.RANGE.,Forward power is process warning tolerance.,CHECK	,
OK,4,PHY_RF_BIAS :  RF SYSTEM - FORWARD.POWER PROCESS ABORT.RANGE.,Forward power is process abort tolerance.,CHECK	,
OK,5,PHY_RF_BIAS :  RF SYSTEM - FORWARD.POWER IDLE WARNING.RANGE.,Forward power is idle warning tolerance.,CHECK	,
OK,6,PHY_RF_BIAS :  RF SYSTEM - FORWARD.POWER IDLE ABORT.RANGE.,Forward power is idle abort tolerance.,CHECK	,
OK,11,PHY_RF_BIAS : RF Power Control Alarm.,Chamber Vacuum Switch is not On.<\n>Please	 Check Vacuum Switch Status !!<\n>,CHECK	,
OK,12,PHY_RF_BIAS : RF Power Control Alarm.,Chamber ATM Switch is not Off.<\n>Please	 Check ATM Switch Status !!<\n>,CHECK	,
OK,13,PHY_RF_BIAS : RF Power Control Alarm.,The lid of chamber is not close.<\n>Please	 check the lid close sensor of chamber !<\n>,CHECK	,
OK,14,PHY_RF_BIAS : RF Power Control Alarm.,The shutter of chamber is not close.<\n>Please	 Check PM's shutter status !!<\n>,CHECK	,
OK,15,PHY_RF_BIAS : RF Power Control Alarm.,System Interlock Sensor가 감지 되었습니다.<\n>Interlock Sensor를 확인 바랍니다.<\n>,CHECK	,
OK,21,PHY_RF_BIAS :  RF SYSTEM - REFLECTED POWER OVER.,Reflected Power Limit Over.,CHECK	,
OK,22,PHY_RF_BIAS :  RF SYSTEM - REFLECTED Coefficient OVER.,Reflected Coefficient Limit Over.,CHECK	,
OK,24,PHY_RF_BIAS :  RF SYSTEM - REFLECTED POWER WARNING.,Reflected Power is Soft Tolerance Over.,CHECK	,
OK,25,PHY_RF_BIAS :  RF SYSTEM - REFLECTED POWER ALARM.,Reflected Power is Hard Tolerance Over.,CHECK	,
OK,26,PHY_RF_BIAS :  RF SYSTEM - MAX POWER OVER WITHOUT WAFER.,Wafer is Absent	 RF Power Limit Over.,CHECK	,
OK,27,PHY_RF_BIAS :  RF SYSTEM - PLASMA ALLOWED POWER OVER ALARM.,Set Power is not allowed.,CHECK	,

OBJECT_NAME : PHY_RF_SRC,
OK,1,PHY_RF_SRC : RF Generator Not Use !,RF Generator use option is not "YES". <\n>Please	 Check the config option of RF Generator !!<\n>,CHECK	,
OK,2,PHY_RF_SRC :  RF SYSTEM - Control Aborted.,Please	 check RF Status.,CHECK	,
OK,3,PHY_RF_SRC :  RF SYSTEM - FORWARD.POWER PROCESS WARNING.RANGE.,Forward power is process warning tolerance.,CHECK	,
OK,4,PHY_RF_SRC :  RF SYSTEM - FORWARD.POWER PROCESS ABORT.RANGE.,Forward power is process abort tolerance.,CHECK	,
OK,5,PHY_RF_SRC :  RF SYSTEM - FORWARD.POWER IDLE WARNING.RANGE.,Forward power is idle warning tolerance.,CHECK	,
OK,6,PHY_RF_SRC :  RF SYSTEM - FORWARD.POWER IDLE ABORT.RANGE.,Forward power is idle abort tolerance.,CHECK	,
OK,11,PHY_RF_SRC : RF Power Control Alarm.,Chamber Vacuum Switch is not On.<\n>Please	 Check Vacuum Switch Status !!<\n>,CHECK	,
OK,12,PHY_RF_SRC : RF Power Control Alarm.,Chamber ATM Switch is not Off.<\n>Please	 Check ATM Switch Status !!<\n>,CHECK	,
OK,13,PHY_RF_SRC : RF Power Control Alarm.,The lid of chamber is not close.<\n>Please	 check the lid close sensor of chamber !<\n>,CHECK	,
OK,14,PHY_RF_SRC : RF Power Control Alarm.,The shutter of chamber is not close.<\n>Please	 Check PM's shutter status !!<\n>,CHECK	,
OK,15,PHY_RF_SRC : RF Power Control Alarm.,System Interlock Sensor가 감지 되었습니다.<\n>Interlock Sensor를 확인 바랍니다.<\n>,CHECK	,
OK,21,PHY_RF_SRC :  RF SYSTEM - REFLECTED POWER OVER.,Reflected Power Limit Over.,CHECK	,
OK,22,PHY_RF_SRC :  RF SYSTEM - REFLECTED Coefficient OVER.,Reflected Coefficient Limit Over.,CHECK	,
OK,24,PHY_RF_SRC :  RF SYSTEM - REFLECTED POWER WARNING.,Reflected Power is Soft Tolerance Over.,CHECK	,
OK,25,PHY_RF_SRC :  RF SYSTEM - REFLECTED POWER ALARM.,Reflected Power is Hard Tolerance Over.,CHECK	,
OK,26,PHY_RF_SRC :  RF SYSTEM - MAX POWER OVER WITHOUT WAFER.,Wafer is Absent	 RF Power Limit Over.,CHECK	,
OK,27,PHY_RF_SRC :  RF SYSTEM - PLASMA ALLOWED POWER OVER ALARM.,Set Power is not allowed.,CHECK	,

OBJECT_NAME : PHY_TMP,
OK,3,PHY_TMP - Forline Pressure Unstable Alarm !,Forline Pressure Unstable Status<\n>Check the Forline Vac Switch and Dry Pump On Status!<\n>Now... Turbo Pump will be off..,CHECK	,
OK,4,PHY_TMP - PCW Unstable Alarm !,PCW Unstable Status <\n>Check the state of PCW ! <\n>Now	 Turbo Pump will be off..,CHECK	,
OK,1,PHY_TMP - The state of TMP or dry-pump is error !,Check the state of TMP or dry-pump !<\n>,CHECK	,
OK,2,PHY_TMP - TMP를 On 할 수 없습니다 !,관련 Sensor 상태를 확인 바랍니다. <\n>,CHECK	,

OBJECT_NAME : PHY_IO__ESC,
OK,1,PHY_IO__ESC - ESC Communication Offline !,ESC Controller Offline !,CHECK	,
OK,2,PHY_IO__ESC - ESC Leak-Current Limit !,A high leak-current error has occurred.,ABORT	,

OBJECT_NAME : PHY_IO__MATCHER,
OK,11,PHY_IO__MATCHER - Generator Offline,Generator Offline.,RETRY	,
OK,12,PHY_IO__MATCHER - Generator Communication Retry Over,Generator Communication Retry Over,RETRY	ABORT	,

OBJECT_NAME : PHY_IO__RF_BIAS,
OK,11,PHY_IO__RF_BIAS - Generator Offline,Generator Offline.,RETRY	,
OK,12,PHY_IO__RF_BIAS - Generator Communication Retry Over,Generator Communication Retry Over,RETRY	ABORT	,

OBJECT_NAME : PHY_IO__RF_SRC,
OK,11,PHY_IO__RF_SRC - Generator Offline,Generator Offline.,RETRY	,
OK,12,PHY_IO__RF_SRC - Generator Communication Retry Over,Generator Communication Retry Over,RETRY	ABORT	,

OBJECT_NAME : PHY_IO__TMP,
OK,11,PHY_IO__TMP - Offline.,Controller is Offline.<\n>Please	 Check Communication Status !<\n>,CHECK	,
OK,12,PHY_IO__TMP - Controller is Local Mode.<\n>,Please	 Check Mode.<\n>,CHECK	,
OK,13,PHY_IO__TMP - Pump Power Off TimeOut.,Power Sensor -> Off : Timeout.<\n>Please	 Check Pump Status !<\n>,CHECK	,
OK,14,PHY_IO__TMP - Pump Power On TimeOut.,Power Sensor -> On : Timeout.<\n>Please	 Check Pump Status !<\n>,CHECK	,
OK,15,PHY_IO__TMP - Pump Remote Command TimeOut.,Power Sensor -> Remote : Timeout.<\n>Please	 Check Pump Status !<\n>,CHECK	,
OK,16,PHY_IO__TMP - Pump Local Command TimeOut.,Power Sensor -> Local : Timeout.<\n>Please	 Check Pump Status !<\n>,CHECK	,
OK,17,PHY_IO__TMP - Pump Acceleration TimeOut.,Power Sensor -> Acceleration : Timeout.<\n>Please	 Check Pump Status !<\n>,CHECK	,

OBJECT_NAME : INTERLOCK_SYS,
OK,1,Setpoint Interlock : VAC-Foreline Valve -> Open,Interlock Condition <\n>1. VAC-switch is "ON". <\n>2. When VAC-switch is not "ON"	 APC's valve position is close. <\n>3. Vacuum fast valve is close. <\n>4. Vacuum slow valve is close. <\n>,CHECK	,
OK,2,Setpoint Interlock : VAC-Fast Valve -> Open,Interlock Condition <\n>1. ATM-switch is not "ON". <\n>2. TMP foreline valve is closed. <\n>,CHECK	,
OK,3,Setpoint Interlock : VAC-Slow Valve -> Open,Interlock Condition <\n>1. TMP foreline valve is closed. <\n>,CHECK	,

